PERMNO,start,ending,TICKER,EXCHCD,date,enddate,npermno,ric
87432,20000605,20121231,A,1,19991118,20121231,1,A.N
24643,19570301,20121231,AA,1,19620702,20121231,1,AA.N
14593,19821118,20121231,AAPL,3,19801212,20121231,1,AAPL.O
81540,20010830,20121231,ABC,1,20010830,20121231,1,ABC.N
27713,19741017,20081121,ABI,1,20001130,20121231,1,ABI.N
76757,20001211,20080610,ABK,1,19910711,20121231,1,ABK.N
50032,19841123,20060601,ABS,1,19700210,20121231,1,ABS.N
20482,19570301,20121231,ABT,1,19620702,20121231,1,ABT.N
71298,19931115,20020719,ABX,1,19870225,20121231,1,ABX.N
85271,20070709,20090303,ACAS,3,19970829,20121231,1,ACAS.O
79057,20020130,20080717,ACE,1,20010330,20121231,1,ACE.N
79057,20100715,20121231,ACE,1,20010330,20121231,1,ACE.N
19692,19570301,20001116,ACK,1,19620702,20121231,1,ACK.N
89071,20110706,20121231,ACN,1,20010719,20121231,1,ACN.N
80913,20040402,20100205,ACS,1,19981127,20121231,1,ACS.N
42083,19710304,20061116,ACV,1,19650611,20121231,1,ACV.N
75510,19970506,20121231,ADBE,3,19860813,20121231,1,ADBE.O
50906,19990802,20070629,ADCT,3,19850408,20121231,1,ADCT.O
60871,19991012,20121231,ADI,1,19790403,20120402,1,ADI.N
60871,19991012,20121231,ADI,3,20120402,20121231,1,ADI.O
10516,19810730,20121231,ADM,1,19620702,20121231,1,ADM.N
44644,19810226,20121231,ADP,1,20001201,20081021,1,ADP.N
44644,19810226,20121231,ADP,3,20081021,20121231,1,ADP.O
10353,19991001,20010511,ADPT,3,19860611,20121231,1,ADPT.O
85631,19891221,20121231,ADSK,3,19960501,20121231,1,ADSK.O
13567,20121001,20121231,ADT,1,20121001,20121231,1,ADT.N
24985,19910920,20121231,AEE,1,19980102,20121231,1,AEE.N
24109,19510906,20121231,AEP,1,19620702,20121231,1,AEP.N
76712,19981002,20121231,AES,1,19961016,20121231,1,AES.N
88845,20001214,20121231,AET,1,20001214,20121231,2,AET.N
46850,19760701,20001213,AET,1,19680924,20121231,2,AET.N
57904,19990528,20121231,AFL,1,19740614,20121231,1,AFL.N
83440,19980408,20001201,AFS,1,19960508,20121231,1,AFS.N
48397,19760701,20010829,AGC,1,19690526,20121231,1,AGC.N
15553,20111213,20121231,AGL,1,20090209,20111216,1,AGL.N
75646,19920210,20121231,AGN,1,19890727,20121231,1,AGN.N
28484,19840517,20121231,AHC,1,19690623,20121231,1,AHC.N
66800,19800214,20121231,AIG,1,19841010,20121231,1,AIG.N
80711,20030314,20121231,AIV,1,19940722,20121231,1,AIV.N
90038,20070410,20121231,AIZ,1,20040205,20121231,1,AIZ.N
87299,20070712,20121231,AKAM,3,19991029,20121231,1,AKAM.O
80303,20080701,20111216,AKS,1,19950405,20121231,1,AKS.N
24264,19570301,20020719,AL,1,19620702,20121231,1,AL.N
79323,19950713,20121231,ALL,1,19930603,20121231,1,ALL.N
75577,20000418,20121231,ALTR,3,19880331,20121231,1,ALTR.O
83111,20120525,20121231,ALXN,3,19960228,20121231,1,ALXN.O
13056,19891005,20040430,AM,1,19980211,20121231,1,AM.N
14702,19950316,20121231,AMAT,3,19721214,20121231,1,AMAT.O
85592,20110603,20121231,AMB,1,19971121,20110603,1,AMB.N
85522,20010102,20060517,AMCC,3,19971125,20121231,1,AMCC.O
61241,19840621,20121231,AMD,1,19791015,20121231,1,AMD.N
14008,19920102,20121231,AMGN,3,19830617,20121231,1,AMGN.O
90880,20051003,20121231,AMP,1,20051003,20121231,1,AMP.N
21020,19440607,20030313,AMR,1,19620702,20121231,1,AMR.N
86111,20071119,20121231,AMT,1,19980605,20121231,1,AMT.N
84788,20051121,20121231,AMZN,3,19970515,20121231,1,AMZN.O
76282,20030224,20121231,AN,1,19990406,20121231,1,AN.N
14323,19841123,20060929,ANDW,3,19800619,20121231,1,ANDW.O
83976,20070329,20121231,ANF,1,19960926,20121231,1,ANF.N
90547,20110602,20121001,ANR,1,20050215,20121231,1,ANR.N
61735,19960423,20121231,AOC,1,19870424,20091201,1,AOC.N
77418,19990104,20121231,AOL,1,19960916,20031016,1,AOL.N
61735,19960423,20121231,AON,1,20091201,20121231,1,AON.N
39490,19970728,20121231,APA,1,19690527,20121231,1,APA.N
70332,19970728,20121231,APC,1,19861002,20121231,1,APC.N
11970,20000601,20070214,APCC,3,19880722,20121231,1,APCC.O
28222,19850411,20121231,APD,1,19620702,20121231,1,APD.N
84769,20080930,20121231,APH,1,19970520,20121231,1,APH.N
81138,20020515,20121231,APOL,3,19941213,20121231,1,APOL.O
10604,19570301,20000417,ARC,1,19690623,20121231,1,ARC.N
70308,20090909,20121231,ARG,1,19880301,20121231,1,ARG.N
81285,20020513,20080605,ASD,1,19950203,20071128,1,ASD.N
24272,19890803,20081113,ASH,1,19620702,20121231,1,ASH.N
64451,20041220,20071005,ASN,1,19980707,20121231,1,ASN.N
62770,19990310,20061103,ASO,1,19810701,20121231,1,ASO.N
41443,19941221,20071116,AT,1,19831026,20121231,1,AT.N
15553,20111213,20121231,ATG,1,19880506,20090209,1,ATG.N
89179,20020725,20121231,ATH,1,20011030,20041201,1,ATH.N
43123,19781026,20121231,ATI,1,19991130,20121231,1,ATI.N
88587,20001002,20071025,AV,1,20001002,20121231,1,AV.N
80381,20070110,20121231,AVB,1,19980605,20121231,1,AVB.N
40416,19670518,20121231,AVP,1,19640420,20121231,1,AVP.N
44601,19871224,20121231,AVY,1,19670620,20121231,1,AVY.N
81910,20080821,20121231,AVZ,1,19970310,20070524,1,AVZ.N
76887,19990802,20081204,AW,1,19981230,20121231,1,AW.N
89001,20010709,20041026,AWE,1,20010709,20121231,1,AWE.N
59176,19760701,20121231,AXP,1,19770518,20121231,1,AXP.N
10137,20001211,20110225,AYE,1,19971001,20121231,1,AYE.N
64856,19901212,20010622,AZA,1,19920601,20121231,1,AZA.N
76605,19970102,20121231,AZO,1,19910402,20121231,1,AZO.N
19561,19570301,20121231,BA,1,19620702,20121231,1,BA.N
59408,19760701,20121231,BAC,1,19981001,20121231,1,BAC.N
27887,19720914,20121231,BAX,1,19620702,20121231,1,BAX.N
77659,19991001,20121231,BBBY,3,19920605,20121231,1,BBBY.O
71563,19971204,20121231,BBT,1,19990104,20121231,1,BBT.N
85914,19990630,20121231,BBY,1,19870720,20121231,1,BBY.N
10874,19730301,20080620,BC,1,19620702,20121231,1,BC.N
42024,19700423,20080620,BCC,1,19650602,20041101,1,BCC.N
46877,19750612,20121231,BCR,1,19680930,20121231,1,BCR.N
20220,19760115,20100312,BDK,1,19620702,20121231,1,BDK.N
39642,19720914,20121231,BDX,1,19630925,20121231,1,BDX.N
10225,19251231,20121231,BEAM,1,20111004,20121231,1,BEAM.N
37584,19980429,20121231,BEN,1,19861205,20121231,1,BEN.N
29946,19821014,20121231,BF,1,19910509,20121231,1,BF.N
10989,19570301,20001002,BFO,1,19980102,20121231,1,BFO.N
11983,20000131,20031112,BGEN,3,19880701,20121231,1,BGEN.O
17961,19680404,20010402,BGG,1,19620702,20121231,1,BGG.N
75034,19870409,20121231,BHI,1,19870424,20121231,1,BHI.N
67467,19980120,20121231,BIG,1,20060818,20121231,1,BIG.N
76841,20031113,20121231,BIIB,3,20031113,20121231,1,BIIB.O
76240,20020515,20100429,BJS,1,19900720,20121231,1,BJS.N
49656,19950331,20121231,BK,1,19691204,20121231,1,BK.N
67467,19980120,20121231,BLI,1,20010516,20060818,1,BLI.N
87267,20110404,20121231,BLK,1,19991001,20121231,1,BLK.N
57568,19841004,20121231,BLL,1,19731217,20121231,1,BLL.N
65883,19831201,20070103,BLS,1,19840216,20121231,1,BLS.N
11976,19981001,20121231,BMC,1,20010313,20091026,1,BMC.N
11976,19981001,20121231,BMC,3,20091026,20121231,1,BMC.O
18092,19900823,20070711,BMET,3,19821217,20121231,1,BMET.O
43772,19780720,20121231,BMS,1,19660913,20121231,1,BMS.N
19393,19570301,20121231,BMY,1,19620702,20121231,1,BMY.N
50227,19700305,20100212,BNI,1,19700303,20121231,1,BNI.N
26518,19860508,20071026,BOL,1,19620702,20121231,1,BOL.N
75333,19931123,20060331,BR,1,19880708,20121231,1,BR.N
85963,20000703,20121231,BRCM,3,19980417,20121231,1,BRCM.O
83443,20100216,20121231,BRK,1,19960509,20121231,1,BRK.N
11415,20060227,20081222,BRL,1,19980210,20121231,1,BRL.N
10786,19251231,20001208,BS,1,19620702,20121231,1,BS.N
68304,19980701,20080530,BSC,1,19851029,20121231,1,BSC.N
77605,19950224,20121231,BSX,1,19920519,20121231,1,BSX.N
88991,20061120,20121231,BTU,1,20010523,20121231,1,BTU.N
59184,19760701,20081118,BUD,1,19800418,20121231,1,BUD.N
83630,20001106,20010831,BVSN,3,19960621,20121231,1,BVSN.O
79545,20111219,20121231,BWA,1,19930813,20121231,1,BWA.N
85058,20060403,20121231,BXP,1,19970618,20121231,1,BXP.N
70519,19880526,20121231,C,1,19981204,20121231,1,C.N
25778,19870709,20121231,CA,1,19860911,20080428,1,CA.N
25778,19870709,20121231,CA,3,20080428,20121231,1,CA.O
56274,19830901,20121231,CAG,1,19730109,20121231,1,CAG.N
21371,19970527,20121231,CAH,1,19940907,20121231,1,CAH.N
81857,20080129,20121231,CAM,1,19990301,20121231,1,CAM.N
25487,19950501,20060731,CAR,1,20060905,20101231,1,CAR.N
25487,19950501,20060731,CAR,3,20101231,20121231,1,CAR.O
18542,19570301,20121231,CAT,1,19710401,20121231,1,CAT.N
59192,19760701,20121231,CB,1,19840229,20121231,1,CB.N
21979,19570301,20090908,CBE,1,19620702,20121231,1,CBE.N
21979,20111123,20121130,CBE,1,19620702,20121231,1,CBE.N
90199,20061110,20121231,CBG,1,20040610,20121231,1,CBG.N
86845,20060606,20080328,CBH,1,19960926,20121231,1,CBH.N
15368,19500703,20000504,CBS,1,19971201,20121231,2,CBS.N
76226,19940930,20121231,CBS,1,20060103,20121231,2,CBS.N
22032,20041220,20070906,CBSS,3,19730123,20121231,1,CBSS.O
47175,19890511,20080328,CC,1,19840621,20121231,1,CC.N
70500,19981008,20121231,CCE,1,19861121,20121231,1,CCE.N
86339,20120314,20121231,CCI,1,20010425,20121231,1,CCI.N
17726,19570301,20001208,CCK,1,19620702,20121231,1,CCK.N
75154,19981222,20121231,CCL,1,19911126,20121231,1,CCL.N
24046,19970902,20080730,CCU,1,19941104,20121231,1,CCU.N
25487,19950501,20060731,CD,1,19971218,20060905,1,CD.N
26332,20010402,20040226,CE,1,20021107,20121231,1,CE.N
24221,19570301,20120313,CEG,1,19990503,20121231,1,CEG.N
11552,20061106,20121231,CELG,3,19870728,20121231,1,CELG.O
38914,19690522,20010330,CEN,1,19920603,20121231,1,CEN.N
76625,20081117,20111014,CEPH,3,19910425,20121231,1,CEPH.O
10909,20100430,20121231,CERN,3,19861205,20121231,1,CERN.O
89003,20061110,20121231,CEY,1,20010709,20060201,1,CEY.N
90829,20080827,20121231,CF,1,20050811,20121231,2,CF.N
10725,20000619,20040831,CF,1,19991206,20121231,2,CF.N
64565,19970618,20080630,CFC,1,20021113,20121231,1,CFC.N
92988,20090901,20121231,CFN,1,20090901,20121231,1,CFN.N
89303,20080611,20121231,CG,1,20020201,20080610,2,CG.N
11340,19251231,20001101,CG,1,19620702,20121231,2,CG.N
38893,19850523,20010129,CGP,1,19630220,20121231,1,CGP.N
21397,19700423,20000616,CHA,1,19720515,20121231,1,CHA.N
23318,20001124,20060419,CHIR,3,19830802,20121231,1,CHIR.O
78877,20060303,20121231,CHK,1,19950428,20121231,1,CHK.N
85459,20070302,20121231,CHRW,3,19971015,20121231,1,CHRW.O
64186,19820408,20121231,CI,1,19820420,20121231,1,CI.N
84519,20010830,20091218,CIEN,3,19970207,20121231,1,CIEN.O
22947,19941025,20060331,CIN,1,19620702,20121231,1,CIN.N
23473,19971218,20121231,CINF,3,19721214,20121231,1,CINF.O
89463,20041027,20090724,CIT,1,20020702,20121231,2,CIT.N
85599,20000717,20010601,CIT,1,19971113,20121231,2,CIT.N
18729,19570301,20121231,CL,1,19620702,20121231,1,CL.N
27422,20091221,20121231,CLF,1,19620702,20121231,1,CLF.N
46578,19690116,20121231,CLX,1,19680801,20121231,1,CLX.N
25081,19951201,20121231,CMA,1,19910402,20121231,1,CMA.N
89525,20021119,20121231,CMCSA,3,20021119,20121231,1,CMCSA.O
11997,19931213,20021118,CMCSK,3,19861224,20121231,1,CMCSK.O
89626,20060811,20121231,CME,1,20021206,20080714,1,CME.N
89626,20060811,20121231,CME,3,20080714,20121231,1,CME.O
91068,20110428,20121231,CMG,1,20060126,20121231,1,CMG.N
41080,19650107,20121231,CMI,1,20031210,20121231,1,CMI.N
23229,19990503,20121231,CMS,1,19620702,20121231,1,CMS.N
10942,19991027,20070131,CMVT,3,19861215,20121231,1,CMVT.O
81262,20040325,20070322,CMX,1,19990920,20121231,1,CMX.N
86976,19970115,20020724,CNC,1,19860924,20121231,1,CNC.N
21821,19570301,20000128,CNG,1,19620702,20121231,1,CNG.N
21792,19850725,20121231,CNP,1,20021001,20121231,1,CNP.N
86799,20060628,20121231,CNX,1,19990430,20121231,1,CNX.N
86496,20000131,20020625,CNXT,3,19990104,20121231,1,CNXT.O
87029,19990809,20020830,COC,1,19990816,20121231,1,COC.N
81055,19980701,20121231,COF,1,19941116,20121231,1,COF.N
76082,20080623,20121231,COG,1,19900208,20121231,1,COG.N
88661,20040901,20121231,COH,1,20001005,20121231,1,COH.N
89014,20010702,20121231,COL,1,20010702,20121231,1,COL.N
76129,19960102,20000727,COMS,3,19840321,20121231,1,COMS.O
13928,19570301,20121231,COP,1,20020903,20121231,1,COP.N
92156,20110301,20121231,COV,1,20070702,20121231,1,COV.N
92156,20070702,20090604,COV,1,20070702,20121231,1,COV.N
25320,19570301,20121231,CPB,1,19620702,20121231,1,CPB.N
83981,20001201,20051201,CPN,1,19960920,20121231,1,CPN.N
68347,19880225,20020503,CPQ,1,19851210,20121231,1,CPQ.N
78139,19990104,20111230,CPWR,3,19921216,20121231,1,CPWR.O
20204,19570301,20041217,CR,1,19620702,20121231,1,CR.N
90215,20080915,20121231,CRM,1,20040623,20121231,1,CRM.N
40125,19810514,20121231,CSC,1,19681126,20121231,1,CSC.N
76076,19931231,20121231,CSCO,3,19900216,20121231,1,CSCO.O
23851,19570301,20000615,CSR,1,19620702,20121231,1,CSR.N
62148,19801106,20121231,CSX,1,19801113,20121231,1,CSX.N
23660,20010301,20121231,CTAS,3,19830819,20121231,1,CTAS.O
27430,19900525,20060717,CTB,1,19620702,20121231,1,CTB.N
60599,19990325,20121231,CTL,1,19781024,20121231,1,CTL.N
86158,20061117,20121231,CTSH,3,19980619,20121231,1,CTSH.O
53831,19770331,20090818,CTX,1,19711228,20121231,1,CTX.N
82686,19991201,20121231,CTXS,3,19951208,20121231,1,CTXS.O
41080,19650107,20121231,CUM,1,19640910,20031210,1,CUM.N
68857,20101220,20121231,CVC,1,19991207,20121231,1,CVC.N
86305,20000613,20091218,CVG,1,19980813,20121231,1,CVG.N
76619,20050830,20121231,CVH,1,20010516,20121231,1,CVH.N
17005,19570301,20121231,CVS,1,19961016,20121231,1,CVS.N
14541,19251231,20121231,CVX,1,20011010,20121231,1,CVX.N
23887,20010227,20121231,CZN,1,19920224,20080731,1,CZN.N
64936,19830520,20121231,D,1,19830602,20121231,1,D.N
26112,19680201,20050818,DAL,1,19620702,20121231,1,DAL.N
11607,19570301,20060302,DCN,1,19620702,20121231,1,DCN.N
11703,19570301,20121231,DD,1,19620702,20121231,1,DD.N
78927,20070323,20090327,DDR,1,19930202,20121231,1,DDR.N
49429,19861002,20081021,DDS,1,19890623,20121231,1,DDS.N
19350,19570301,20121231,DE,1,19620702,20121231,1,DE.N
11081,19960906,20121231,DELL,3,19880622,20121231,1,DELL.O
83421,20060403,20121231,DF,1,20011224,20121231,1,DF.N
92121,20070702,20121231,DFS,1,20070702,20121231,1,DFS.N
93096,20121203,20121231,DG,1,20091113,20121231,2,DG.N
30382,19980716,20070706,DG,1,19950201,20121231,2,DG.N
84373,20021212,20121231,DGX,1,19970114,20121231,1,DGX.N
77661,20050705,20121231,DHI,1,19951214,20121231,1,DHI.N
49680,19981118,20121231,DHR,1,19840926,20121231,1,DHR.N
26403,19760701,20121231,DIS,1,19620702,20121231,1,DIS.N
90805,20100301,20121231,DISCA,3,20050721,20121231,1,DISCA.O
58990,19780504,20071213,DJ,1,19760713,20121231,1,DJ.N
13103,20121224,20121231,DLPH,1,20111117,20121231,1,DLPH.N
81481,20111219,20121231,DLTR,3,19950307,20121231,1,DLTR.O
61743,19860424,20041217,DLX,1,19800425,20121231,1,DLX.N
88590,20081202,20121231,DNB,1,20001003,20121231,1,DNB.N
82196,20090402,20121231,DNR,1,19970508,20121231,1,DNR.N
38682,19840719,20121211,DNY,1,19631001,20040301,1,DNY.N
82298,20090226,20121231,DO,1,19951011,20121231,1,DO.N
25953,19851024,20121231,DOV,1,19620702,20121231,1,DOV.N
20626,19540420,20121231,DOW,1,19620702,20121231,1,DOW.N
86591,19990528,20051010,DPH,1,19990205,20121231,1,DPH.N
92618,20081007,20121231,DPS,1,20080507,20121231,1,DPS.N
92618,20081007,20121231,DPS,31,20080429,20080507,1,DPS.N
81655,19950530,20121231,DRI,1,19950530,20121231,1,DRI.N
11674,19251231,20121231,DTE,1,19620702,20121231,1,DTE.N
89954,20061204,20121231,DTV,1,20040317,20071203,1,DTV.N
89954,20061204,20121231,DTV,3,20071203,20121231,1,DTV.O
27959,19760701,20121231,DUK,1,19620702,20121231,1,DUK.N
76708,20090609,20120928,DV,1,19951114,20121231,1,DV.N
82307,20080731,20121231,DVA,1,20001009,20121231,1,DVA.N
87137,20000830,20121231,DVN,1,20041012,20121231,1,DVN.N
87137,20000830,20121231,DVN,2,19990818,20041012,1,DVN.A
90352,20001003,20091218,DYN,1,20000202,20121231,1,DYN.N
75828,20020722,20121231,EA,3,20111220,20121231,1,EA.O
86356,20020722,20121231,EBAY,3,19980924,20121231,1,EBAY.O
62834,19830707,20060605,EC,1,19810527,20121231,1,EC.N
70578,19890112,20121231,ECL,1,19861210,20121231,1,ECL.N
11404,19251231,20121231,ED,1,19620702,20121231,1,ED.N
83596,19980811,20080826,EDS,1,19960610,20121231,1,EDS.N
26075,19660929,20001101,EFU,1,19620702,20121231,1,EFU.N
52476,19970619,20121231,EFX,1,19760102,20121231,1,EFX.N
15720,19251231,20121231,EIX,1,19960205,20121231,1,EIX.N
11754,19251231,20101217,EK,1,19620702,20121231,1,EK.N
82642,20060105,20121231,EL,1,19951117,20121231,1,EL.N
10147,19960328,20121231,EMC,1,19880322,20121231,1,EMC.N
80080,19940104,20121231,EMN,1,19940104,20121231,1,EMN.N
22103,19650107,20121231,EMR,1,19620702,20121231,1,EMR.N
23317,19510906,20011129,ENE,1,19860410,20121231,1,ENE.N
75825,20001102,20121231,EOG,1,19891004,20121231,1,EOG.N
85238,20011010,20070209,EOP,1,19970708,20121231,1,EOP.N
77481,19991026,20120524,EP,1,20011231,20121231,1,EP.N
91218,20060518,20090630,EQ,1,20060518,20121231,1,EQ.N
79547,20011203,20121231,EQR,1,19930812,20121231,1,EQR.N
24328,20081219,20121231,EQT,1,19620702,20121231,1,EQT.N
75828,20020722,20121231,ERTS,3,19890920,20111220,1,ERTS.O
77668,20030926,20121231,ESRX,3,19920609,20121231,1,ESRX.O
62519,20070104,20091222,ESV,1,19951220,20121231,2,ESV.N
93159,20120731,20121231,ESV,1,20091223,20121231,2,ESV.N
83862,20040401,20121231,ET,1,20010215,20061227,1,ET.N
83862,20040401,20121231,ETFC,3,20061227,20121231,1,ETFC.O
11762,19570301,20121231,ETN,1,19710426,20121231,1,ETN.N
24010,19570301,20121231,ETR,31,19940103,20121231,1,ETR.N
75625,19950522,20010803,ETS,1,20010806,20121231,1,ETS.N
87657,20110401,20121231,EW,1,20000403,20121231,1,EW.N
21776,19440607,20121231,EXC,1,20001017,20121231,1,EXC.N
87717,20071010,20121231,EXPD,3,19840926,20121231,1,EXPD.O
90808,20071002,20121231,EXPE,3,20050809,20121231,1,EXPE.O
90808,20071002,20121231,EXPEV,33,20050802,20050809,1,EXPEV.O
25785,19570301,20121231,F,31,20000803,20121231,1,F.N
11618,20080915,20121231,FAST,3,19870820,20121231,1,FAST.O
47159,19881110,20040331,FBF,1,19991122,20121231,1,FBF.N
81774,19950731,20121231,FCX,1,19950731,20121231,1,FCX.N
77462,19951201,20121231,FD,1,19920317,20070601,1,FD.N
77546,19940927,20070924,FDC,1,19920409,20121231,1,FDC.N
53866,20010806,20121231,FDO,1,19790814,20121231,1,FDO.N
60628,19801106,20121231,FDX,1,19781228,20121231,1,FDX.N
23026,19570710,20121231,FE,1,19971110,20121231,1,FE.N
86964,20101220,20121231,FFIV,3,19990604,20121231,1,FFIV.O
36397,20020506,20121231,FHN,1,20040421,20121231,1,FHN.N
86102,20030416,20121231,FII,1,19980514,20121231,1,FII.N
89003,20061110,20121231,FIS,1,20060201,20121231,1,FIS.N
10696,20010402,20121231,FISV,3,19860925,20121231,1,FISV.O
34746,19960308,20121231,FITB,3,19750423,20121231,1,FITB.O
61583,19860508,20001122,FJ,1,19970814,20121231,1,FJ.N
46295,19740509,20000128,FLE,1,19701113,20121231,1,FLE.N
79265,20090102,20121231,FLIR,3,19930622,20121231,1,FLIR.O
88853,20001222,20121231,FLR,1,20001222,20121231,1,FLR.N
30940,20081002,20121231,FLS,1,19970723,20121231,1,FLS.N
19166,19640220,20011231,FMC,1,19620702,20121231,1,FMC.N
19166,20090819,20121231,FMC,1,19620702,20121231,1,FMC.N
51043,19880811,20080910,FNM,1,19700831,20121231,1,FNM.N
49905,19841025,20081201,FNP,1,20120515,20121231,1,FNP.N
10225,19251231,20121231,FO,1,19970602,20111004,1,FO.N
39087,19890727,20121231,FON,1,19920227,20050815,1,FON.N
79089,20120404,20121231,FOSL,3,19930408,20121231,1,FOSL.O
22496,19990622,20001130,FPC,1,19820329,20121231,1,FPC.N
24205,19760701,20121231,FPL,1,19620702,20100623,1,FPL.N
75789,19920102,20080910,FRE,1,19890810,20121231,1,FRE.N
45241,20001122,20121231,FRX,1,19991008,20121231,1,FRX.N
77150,20040803,20061109,FSH,1,19911218,20121231,1,FSH.N
90435,20041203,20061201,FSL,1,20041203,20121231,1,FSL.N
91611,20091016,20121231,FSLR,3,20061117,20121231,1,FSLR.O
36127,19990104,20010226,FSR,1,19981120,20121231,1,FSR.N
89004,20090605,20121231,FTI,1,20010614,20121231,1,FTI.N
36397,20020506,20121231,FTN,1,19990728,20040421,1,FTN.N
23887,20010227,20121231,FTR,1,20080731,20111216,1,FTR.N
23887,20010227,20121231,FTR,3,20111216,20121231,1,FTR.O
50200,19931001,20010831,FW,1,19851205,20121231,1,FW.N
18112,19570301,20000128,FWC,1,19620702,20050603,1,FWC.N
18112,19570301,20000128,FWLT,3,20050603,20121231,1,FWLT.O
16424,19601026,20050930,G,1,19910916,20121231,1,G.N
26657,19581210,20000829,GAP,1,19620702,20121231,1,GAP.N
48274,19890803,20111212,GAS,1,19690502,20121231,2,GAS.N
15553,20111213,20121231,GAS,1,20111216,20121231,2,GAS.N
47941,19751211,20121231,GCI,1,19690310,20121231,1,GCI.N
12052,19570301,20121231,GD,1,19620702,20121231,1,GD.N
81126,19961219,20060421,GDT,1,19941214,20121231,1,GDT.N
53479,19880609,20060929,GDW,1,19711104,20121231,1,GDW.N
12060,19570301,20121231,GE,1,19620702,20121231,1,GE.N
10324,20011214,20110401,GENZ,3,19860605,20121231,1,GENZ.O
79129,20070702,20081112,GGP,1,19930408,20121231,1,GGP.N
77274,20040701,20121231,GILD,3,19920122,20121231,1,GILD.O
17144,19690213,20121231,GIS,1,19620702,20121231,1,GIS.N
32379,19911125,20050701,GLK,1,19880426,20121231,1,GLK.N
22293,19570301,20121231,GLW,1,19620702,20121231,1,GLW.N
12079,19251231,20090602,GM,1,19620702,20121231,1,GM.N
89301,20071214,20121231,GME,1,20020213,20121231,1,GME.N
90162,20051202,20121231,GNW,1,20040525,20121231,1,GNW.N
90319,20060403,20121231,GOOG,3,20040819,20121231,1,GOOG.O
23915,19640220,20051219,GP,1,19631001,20121231,1,GP.N
46674,19731115,20121231,GPC,1,19680820,20121231,1,GPC.N
59010,19860821,20121231,GPS,1,19760730,20121231,1,GPS.N
22541,19950209,20011106,GPU,1,19651001,20121231,1,GPU.N
12140,19570301,20120730,GR,1,19620702,20121231,1,GR.N
85908,19980401,20001208,GRA,1,19980408,20121231,1,GRA.N
88837,20121212,20121231,GRMN,3,20001208,20121231,1,GRMN.O
86868,20020722,20121231,GS,1,19990504,20121231,1,GS.N
16432,19251231,20121231,GT,1,19620702,20121218,1,GT.N
16432,19251231,20121231,GT,3,20121218,20121231,1,GT.O
21004,19570301,20000630,GTE,1,19710104,20121231,1,GTE.N
79973,19980427,20060731,GTW,1,19970522,20121231,1,GTW.N
52695,19810514,20121231,GWW,1,19750729,20121231,1,GWW.N
86326,19990929,20011009,GX,1,20001106,20121231,1,GX.N
91388,20060801,20070409,H,1,20060801,20121231,2,H.N
40838,19810910,20010627,H,1,19930315,20121231,2,H.N
23819,19570301,20121231,HAL,1,19620702,20121231,1,HAL.N
88031,20120629,20121231,HANS,3,19921027,20120109,1,HANS.O
75224,20060201,20121231,HAR,1,19871111,20121231,1,HAR.N
52978,19840913,20121231,HAS,1,19990623,20101221,1,HAS.N
52978,19840913,20121231,HAS,3,20101221,20121231,1,HAS.O
42906,19970806,20121231,HBAN,3,19721214,20121231,1,HBAN.O
76171,19930901,20061117,HCA,1,20000530,20121231,1,HCA.N
87070,20070215,20121231,HCBK,3,19990713,20121231,1,HCBK.O
65947,20090130,20121231,HCN,1,19921217,20121231,1,HCN.N
67598,20080331,20121231,HCP,1,19850523,20121231,1,HCP.N
77063,19980928,20071108,HCR,1,19911018,20121231,1,HCR.N
66181,19880303,20121231,HD,1,19840419,20121231,1,HD.N
70033,20000131,20121231,HDI,1,19870701,20060815,1,HDI.N
76090,19900208,20080128,HET,1,19950703,20121231,1,HET.N
20124,19570301,20030328,HI,1,19810629,20121231,1,HI.N
82775,19951220,20121231,HIG,1,19951220,20121231,1,HIG.N
10693,19970107,20030320,HLS,1,20061026,20121231,1,HLS.N
23309,19700423,20071024,HLT,1,19620702,20121231,1,HLT.N
12319,19570301,20011214,HM,1,19620702,20121231,1,HM.N
76565,20011107,20070301,HMA,1,19920603,20121231,1,HMA.N
46703,20070320,20121231,HMT,1,19931012,20060418,1,HMT.N
23077,19570301,20121231,HNZ,1,19620702,20121231,1,HNZ.N
70033,20000131,20121231,HOG,1,20060815,20121231,1,HOG.N
10145,19251231,20121231,HON,1,19991202,20121231,1,HON.N
54690,20001117,20060407,HOT,1,19820330,20121231,2,HOT.N
91207,20060410,20121231,HOT,1,20060410,20121231,2,HOT.N
32707,20100301,20121231,HP,1,19630320,20121231,1,HP.N
18016,19570301,20081113,HPC,1,19620702,20121231,1,HPC.N
27828,19741017,20121231,HPQ,1,20020506,20121231,1,HPQ.N
49373,19861128,20121231,HRB,1,19691013,20121231,1,HRB.N
10693,19970107,20030320,HRC,1,19890913,20061026,1,HRC.N
32870,20090304,20121231,HRL,1,19900116,20121231,1,HRL.N
25582,20080922,20121231,HRS,1,19740516,20121231,1,HRS.N
89954,20061204,20121231,HS,1,20031223,20040317,1,HS.N
22840,19810910,20120628,HSH,1,20120629,20121231,1,HSH.N
90110,20040503,20121231,HSP,1,20040503,20121231,1,HSP.N
46703,20070320,20121231,HST,1,20060418,20121231,1,HST.N
16600,19570301,20121231,HSY,1,19620702,20121231,1,HSY.N
48653,19951201,20121231,HUM,1,19740121,20121231,1,HUM.N
78840,20061201,20080820,IACI,3,20030623,20121231,1,IACI.O
12490,19570301,20121231,IBM,1,19620702,20121231,1,IBM.N
90993,20070926,20121231,ICE,1,20051116,20121231,1,ICE.N
76841,20031113,20121231,IDPH,3,19910917,20031113,1,IDPH.O
40272,19760304,20121231,IFF,1,19640302,20121231,1,IFF.N
45277,20010904,20121231,IGT,1,19910131,20121231,1,IGT.N
48514,19880211,20000628,IKN,1,19970127,20121231,1,IKN.N
43610,20010921,20020716,IMNX,3,19830701,20121231,1,IMNX.O
59328,19761209,20121231,INTC,3,19721214,20121231,1,INTC.O
78975,20001211,20121231,INTU,3,19930312,20121231,1,INTU.O
21573,19251231,20121231,IP,1,19620702,20121231,1,IP.N
53065,19921030,20121231,IPG,1,19710823,20121231,1,IPG.N
12431,20101117,20121231,IR,1,19620702,20121231,1,IR.N
12431,19570301,20090630,IR,1,19620702,20121231,1,IR.N
83143,20090106,20121231,IRM,1,19990426,20121231,1,IRM.N
88352,20080602,20121231,ISRG,3,20000613,20121231,1,ISRG.O
12570,19570301,20111031,ITT,1,20000905,20121231,1,ITT.N
56573,19860213,20121231,ITW,1,19730313,20121231,1,ITW.N
86725,20081124,20121231,IVGN,3,19990226,20081124,1,IVGN.O
81910,20080821,20121231,IVZ,1,20070524,20121231,1,IVZ.N
10078,19920820,20100128,JAVA,3,20070827,20121231,1,JAVA.O
79094,20010130,20121231,JBL,1,19980505,20121231,1,JBL.N
42534,19860508,20121231,JCI,1,19741202,20121231,1,JCI.N
18403,19570301,20121231,JCP,1,19620702,20121231,1,JCP.N
79879,20000727,20121231,JDSU,3,19990706,20121231,1,JDSU.O
52329,20071026,20121231,JEC,1,19891215,20121231,1,JEC.N
87536,20010628,20040428,JHF,1,20000127,20121231,1,JHF.N
22111,19730531,20121231,JNJ,1,19620702,20121231,1,JNJ.N
86979,20060602,20121231,JNPR,1,20091029,20121231,1,JNPR.N
86979,20060602,20121231,JNPR,3,19990625,20091029,1,JNPR.O
88313,20000713,20111122,JNS,1,20030102,20121231,1,JNS.N
76638,20011217,20090303,JNY,1,19910516,20121231,1,JNY.N
42104,19890720,20000509,JOS,1,19650616,20121231,1,JOS.N
89105,20110228,20121231,JOY,1,20111206,20121231,1,JOY.N
89105,20110228,20121231,JOYG,3,20010801,20111206,1,JOYG.O
48485,19760701,20060331,JP,1,19690609,20121231,1,JP.N
48071,19760701,20001229,JPM,1,19690401,20121231,2,JPM.N
47896,19760701,20121231,JPM,1,20010102,20121231,2,JPM.N
57817,19860807,20121231,JWN,1,19990610,20121231,1,JWN.N
26825,19610426,20121231,K,1,19620702,20121231,1,K.N
70092,19890308,20091218,KBH,1,19860801,20121231,1,KBH.N
64995,19940302,20121231,KEY,1,19830527,20121231,1,KEY.N
89006,20070402,20121231,KFT,1,20010613,20120626,1,KFT.N
89006,20070402,20121231,KFT,3,20120626,20121002,1,KFT.O
86176,20001003,20101217,KG,1,20000523,20121231,1,KG.N
77129,20060403,20121231,KIM,1,19911122,20121231,1,KIM.N
46886,19970915,20121231,KLAC,3,19801008,20121231,1,KLAC.O
12749,19570301,20020116,KM,1,19770518,20121231,1,KM.N
17750,19570301,20121231,KMB,1,19620702,20121231,1,KMB.N
25769,19841004,20060810,KMG,1,19620702,20121231,1,KMG.N
51596,20001212,20070530,KMI,1,19991008,20121231,2,KMI.N
12558,20120525,20121231,KMI,1,20110211,20121231,2,KMI.N
89757,20050328,20121231,KMRT,3,20030610,20050328,1,KMRT.O
89508,20100628,20121231,KMX,1,20021001,20121231,1,KMX.N
11308,19570301,20121231,KO,1,19620702,20121231,1,KO.N
16678,19570301,20121231,KR,1,19620702,20121231,1,KR.N
76557,19920423,20051230,KRB,1,19910122,20121231,1,KRB.N
13598,20121002,20121231,KRFT,3,20121002,20121231,1,KRFT.O
48960,19751211,20060627,KRI,1,19860501,20121231,1,KRI.N
24360,20000821,20070824,KSE,1,19981020,20121231,1,KSE.N
77606,19980814,20121231,KSS,1,19920519,20121231,1,KSS.N
12650,19990405,20000712,KSU,1,19620702,20121231,1,KSU.N
26710,19950510,20121231,L,1,20080623,20121231,1,L.N
53612,19851121,20010629,LDG,1,19711129,20121231,1,LDG.N
60943,19991018,20121231,LEG,1,19790625,20121231,1,LEG.N
80599,19980112,20080916,LEH,1,19940531,20121231,1,LEH.N
52708,20051004,20121231,LEN,1,19720727,20121231,1,LEN.N
12062,20041101,20121231,LH,1,19950504,20121231,1,LH.N
86725,20081124,20121231,LIFE,3,20081124,20121231,1,LIFE.O
49905,19841025,20081201,LIZ,1,19910220,20120515,1,LIZ.N
86021,20041201,20121231,LLL,1,19980519,20121231,1,LLL.N
10299,20000403,20121231,LLTC,3,19860528,20121231,1,LLTC.O
50876,19701119,20121231,LLY,1,19700709,20121231,1,LLY.N
65330,20060424,20121231,LM,1,19830801,20121231,1,LM.N
21178,19840719,20121231,LMT,1,19950316,20121231,1,LMT.N
49015,19760701,20121231,LNC,1,19690820,20121231,1,LNC.N
89303,20080611,20121231,LO,1,20080610,20121231,1,LO.N
61399,19840301,20121231,LOW,1,19791219,20121231,1,LOW.N
56223,19741017,20061109,LPX,1,19721229,20121231,1,LPX.N
48486,20120605,20121231,LRCX,3,19840504,20121231,1,LRCX.O
48267,19951213,20121231,LSI,1,19891002,20121219,1,LSI.N
48267,19951213,20121231,LSI,3,20121219,20121231,1,LSI.O
64282,19830915,20121231,LTD,1,19820610,20121231,1,LTD.N
26710,19950510,20121231,LTR,1,19620702,20080623,1,LTR.N
83332,19961001,20061130,LU,1,19960404,20121231,1,LU.N
20415,20070827,20121231,LUK,1,19800528,20121231,1,LUK.N
58683,19940713,20121231,LUV,1,19770627,20121231,1,LUV.N
82643,19990813,20120928,LXK,1,19951115,20121231,1,LXK.N
77462,19951201,20121231,M,1,20070601,20121231,1,M.N
91233,20080718,20121231,MA,1,20060525,20121231,1,MA.N
85913,19980521,20121231,MAR,1,19980330,20121231,1,MAR.N
34032,19810618,20121231,MAS,1,19690505,20121231,1,MAS.N
39538,19820311,20121231,MAT,-1,19740909,20090928,1,
39538,19820311,20121231,MAT,3,20090928,20121231,1,MAT.O
13100,19440607,20050829,MAY,1,19960826,20121231,1,MAY.N
75175,19961203,20091218,MBI,1,19870701,20121231,1,MBI.N
43449,19700625,20121231,MCD,1,19660705,20121231,1,MCD.N
78987,20070907,20121231,MCHP,3,19930319,20121231,1,MCHP.O
81061,19990113,20121231,MCK,1,19950103,20121231,1,MCK.N
48506,19791227,20121231,MCO,1,20001003,20121231,1,MCO.N
89006,20070402,20121231,MDLZ,3,20121002,20121231,1,MDLZ.O
42796,19680523,20110103,MDP,1,19651209,20121231,1,MDP.N
64629,19830103,20030819,MDR,1,19821231,20121231,1,MDR.N
60097,19861023,20121231,MDT,1,19771121,20121231,1,MDT.N
19895,19570301,20020129,MEA,1,19620702,20121231,1,MEA.N
76656,20000616,20070531,MEDI,3,19910508,20121231,1,MEDI.O
26382,19800117,20001221,MEE,1,20001201,20121231,1,MEE.N
26382,20080623,20110601,MEE,1,20001201,20121231,1,MEE.N
59379,19760701,20070629,MEL,1,19810710,20121231,1,MEL.N
52919,19820408,20081231,MER,1,19710727,20121231,1,MER.N
79718,20000629,20060103,MERQ,3,19931029,20121231,1,MERQ.O
87842,20001211,20121231,MET,1,20000405,20121231,1,MET.N
77976,20081223,20110228,MFE,1,20040701,20121231,1,MFE.N
17478,19570301,20121231,MHP,1,19620702,20121231,1,MHP.N
89813,20030820,20120403,MHS,1,20030820,20121231,1,MHS.N
51706,20020211,20110705,MI,1,19991112,20121231,1,MI.N
54181,19880714,20100714,MIL,1,19871223,20121231,1,MIL.N
60441,19970807,20000531,MIR,1,19910603,20121231,2,MIR.N
88601,20010403,20030716,MIR,1,20010122,20121231,2,MIR.N
92890,20091221,20121231,MJN,1,20090211,20121231,1,MJN.N
52090,20030321,20121231,MKC,1,19990525,20121231,1,MKC.N
12511,19750206,20001017,MKG,1,19940316,20121231,1,MKG.N
45751,19870806,20121231,MMC,1,19680216,20121231,1,MMC.N
12456,20110104,20120524,MMI,1,20110104,20121231,1,MMI.N
22592,19570301,20121231,MMM,1,19620702,20121231,1,MMM.N
84342,20010604,20111216,MNST,3,20030501,20081110,2,MNST.O
88031,20120629,20121231,MNST,3,20120109,20121231,2,MNST.O
13901,19570301,20121231,MO,1,19620702,20121231,1,MO.N
54827,19991201,20121231,MOLX,3,19721214,20121231,1,MOLX.O
88668,20020814,20121231,MON,1,20001018,20121231,1,MON.N
90386,20110926,20121231,MOS,1,20041025,20121231,1,MOS.N
22779,19570301,20121231,MOT,1,19620702,20110104,1,MOT.N
12872,20110701,20121231,MPC,1,20110701,20121231,1,MPC.N
22752,19570301,20121231,MRK,1,19620702,20121231,1,MRK.N
15069,19251231,20121231,MRO,1,19910412,20121231,1,MRO.N
10107,19940607,20121231,MSFT,3,19860313,20121231,1,MSFT.O
22779,19570301,20121231,MSI,1,20110104,20121231,1,MSI.N
35554,20040227,20121231,MTB,1,19980601,20121231,1,MTB.N
76804,19960719,20081030,MTG,1,19910807,20121231,1,MTG.N
51263,20071116,20090831,MTW,1,19930527,20121231,1,MTW.N
53613,19940927,20121231,MU,1,19901130,20091230,1,MU.N
53613,19940927,20121231,MU,3,20091230,20121231,1,MU.O
28345,20050815,20121231,MUR,1,19620702,20121231,1,MUR.N
69032,19950922,20121231,MWD,1,19970602,20121231,1,MWD.N
21186,19570301,20121231,MWV,1,20020130,20121231,1,MWV.N
84342,20010604,20111216,MWW,1,20081110,20121231,1,MWW.N
11896,20000510,20070926,MXIM,3,19880229,20121231,1,MXIM.O
13119,19601214,20060331,MYG,1,19620702,20121231,1,MYG.N
69550,20040423,20121231,MYL,1,19860415,20081229,1,MYL.N
69550,20040423,20121231,MYL,3,20081229,20121231,1,MYL.O
22680,19540420,20000628,MZ,1,19981006,20121231,1,MZ.N
12546,19251231,20020719,N,1,19620702,20121231,1,N.N
12503,19251231,20061219,NAV,1,19860220,20121231,1,NAV.N
61815,20071008,20121231,NBL,1,19800610,20121231,1,NBL.N
29102,20001018,20121231,NBR,1,20051103,20121231,1,NBR.N
29102,20001018,20121231,NBR,2,19890307,20051103,1,NBR.A
28118,19620425,20000602,NC,1,19690401,20121231,1,NC.N
56232,19940927,20081231,NCC,1,19881025,20121231,1,NCC.N
22613,19981103,20000818,NCE,1,19970804,20121231,1,NCE.N
84372,20000103,20070928,NCR,1,19970102,20121231,1,NCR.N
90601,20081022,20121231,NDAQ,3,20050210,20121231,1,NDAQ.O
90537,20110118,20121231,NE,1,19960329,20121231,1,NE.N
90537,20010116,20090326,NE,1,19960329,20121231,1,NE.N
24205,19760701,20121231,NEE,1,20100623,20121231,1,NEE.N
21207,19690515,20121231,NEM,1,19620702,20121231,1,NEM.N
77976,20081223,20110228,NET,1,20020212,20040701,1,NET.N
58094,20020717,20061130,NFB,1,19900307,20121231,1,NFB.N
89393,20101220,20121231,NFLX,3,20020523,20121231,1,NFLX.O
79915,20101220,20121231,NFX,1,19931112,20121231,1,NFX.N
76597,19980915,20001211,NGH,1,19990615,20121231,1,NGH.N
38762,20001102,20121231,NI,1,19621219,20121231,1,NI.N
57665,19881103,20121231,NKE,1,19901017,20121231,1,NKE.N
77644,19960401,20000105,NLV,1,19970728,20121231,1,NLV.N
24184,19570301,20020131,NMK,1,19620702,20121231,1,NMK.N
24766,19850613,20121231,NOC,1,19620702,20121231,1,NOC.N
84032,20050314,20121231,NOI,1,19961029,20050314,1,NOI.N
84032,20050314,20121231,NOV,1,20050314,20121231,1,NOV.N
90609,19911101,20110427,NOVL,3,19850117,20121231,1,NOVL.O
90071,20100129,20121231,NRG,1,20040325,20121231,1,NRG.N
64311,19820603,20121231,NSC,1,19820625,20121231,1,NSC.N
22066,19861204,20011130,NSI,1,19840404,20121231,1,NSI.N
51377,19761209,20110923,NSM,1,19730117,20121231,1,NSM.N
58640,19801120,20020719,NT,1,19760301,20121231,1,NT.N
82598,19990625,20121231,NTAP,3,19951121,20121231,1,NTAP.O
58246,19980130,20121231,NTRS,3,19721214,20121231,1,NTRS.O
44206,20090317,20121231,NU,1,19670220,20121231,1,NU.N
34817,19850418,20121231,NUE,1,19720712,20121231,1,NUE.N
86580,20011130,20121231,NVDA,3,19990122,20121231,1,NVDA.O
12067,20000619,20120604,NVLS,3,19880811,20121231,1,NVLS.O
60986,19890427,20121231,NWL,1,19790628,20121231,1,NWL.N
90441,20041220,20121231,NWS,1,20041112,20081229,1,NWS.N
90441,20041220,20121231,NWSA,3,20081229,20121231,1,NWSA.O
77284,19980401,20050812,NXTL,3,19970203,20121231,1,NXTL.O
47466,19841123,20101217,NYT,1,19970925,20121231,1,NYT.N
91143,20071025,20121231,NYX,1,20060308,20121231,1,NYX.N
24539,19570301,20010802,OAT,1,19620702,20121231,1,OAT.N
75573,19990624,20101217,ODP,1,19911211,20121231,1,ODP.N
77157,19970801,20001208,OI,1,19911211,20121231,1,OI.N
77157,20090102,20121231,OI,1,19911211,20121231,1,OI.N
59345,19991202,20010330,OK,1,19981202,20121231,1,OK.N
25232,19570301,20010829,OKE,1,19801210,20121231,1,OKE.N
25232,20100315,20121231,OKE,1,19801210,20121231,1,OKE.N
30681,19971224,20121231,OMC,1,19900627,20121231,1,OMC.N
42024,19700423,20080620,OMX,1,20041101,20121231,1,OMX.N
65138,19880428,20040630,ONE,1,19830929,20121231,1,ONE.N
10104,19890803,20121231,ORCL,3,19860312,20121231,1,ORCL.O
79103,20090327,20121231,ORLY,3,19930423,20121231,1,ORLY.O
24811,19570301,20000929,OWC,1,19960801,20121231,1,OWC.N
34833,19821209,20121231,OXY,1,19640303,20121231,1,OXY.N
87800,20000728,20020813,PALM,3,20000302,20031029,1,PALM.O
61621,19981001,20121231,PAYX,3,19830826,20121231,1,PAYX.O
12073,20081113,20121231,PBCT,3,19880706,20121231,1,PBCT.O
86756,20010514,20100226,PBG,1,19990331,20121231,1,PBG.N
24459,19570301,20121231,PBI,1,19620702,20121231,1,PBI.N
35238,19900814,20000331,PBY,1,19830624,20121231,1,PBY.N
60506,19801002,20121231,PCAR,3,19720201,20121231,1,PCAR.O
87055,19931022,20121231,PCCW,3,19931022,20121231,1,PCCW.O
13688,19251231,20121231,PCG,1,19620702,20121231,1,PCG.N
49744,19700423,20010706,PCH,1,19730427,20101217,1,PCH.N
49744,19700423,20010706,PCH,3,20101217,20121231,1,PCH.O
75592,20020117,20121231,PCL,1,19890602,20121231,1,PCL.N
86783,20091106,20121231,PCLN,3,19990330,20121231,1,PCLN.O
63830,20070601,20121231,PCP,1,19891020,20121231,1,PCP.N
86414,19981124,20040422,PCS,1,19981124,20121231,2,PCS.N
91937,20090630,20121231,PCS,1,20070419,20121231,2,PCS.N
17806,19570301,20070319,PD,1,19620702,20121231,1,PD.N
78034,20051011,20121231,PDCO,3,19921028,20121231,1,PDCO.O
75181,19870820,20020719,PDG,1,19870827,20121231,1,PDG.N
23712,19480707,20121231,PEG,1,19620702,20121231,1,PEG.N
13856,19570301,20121231,PEP,1,19620702,20121231,1,PEP.N
79411,20121005,20121231,PETM,3,19930723,20121231,1,PETM.O
21936,19570301,20121231,PFE,1,19620702,20121231,1,PFE.N
89195,20020722,20121231,PFG,1,20011023,20121231,1,PFG.N
18163,19570301,20121231,PG,1,19620702,20121231,1,PG.N
13821,19400415,20070221,PGL,1,19620702,20121231,1,PGL.N
23114,19890824,20120629,PGN,1,20001211,20121231,1,PGN.N
64390,19970804,20121231,PGR,1,19870601,20121231,1,PGR.N
41355,19851107,20121231,PH,1,19641209,20121231,1,PH.N
18382,19500703,20030415,PHA,1,20000403,20121231,1,PHA.N
54148,19840412,20121231,PHM,1,19830701,20121231,1,PHM.N
42200,19850509,20121231,PKI,1,19991026,20121231,1,PKI.N
85592,20110603,20121231,PLD,1,20110603,20121231,2,PLD.N
80406,20030717,20110602,PLD,1,19980701,20121231,2,PLD.N
35051,19871231,20121231,PLL,1,19921005,20121231,1,PLL.N
87800,20000728,20020813,PLMO,3,20031029,20121231,1,PLMO.O
92602,20080331,20121231,PM,1,20080331,20121231,1,PM.N
76624,20010803,20070629,PMCS,3,19970613,20121231,1,PMCS.O
75912,19970401,20061229,PMTC,3,19891208,20121231,1,PMTC.O
60442,19880414,20121231,PNC,1,19871021,20121231,1,PNC.N
13586,20121001,20121231,PNR,1,20121001,20121231,1,PNR.N
82647,19951103,20000331,PNU,1,19951103,20121231,1,PNU.N
27991,19991004,20121231,PNW,1,19870427,20121231,1,PNW.N
23501,20071109,20121231,POM,1,19620702,20121231,1,POM.N
22509,19570301,20121231,PPG,1,19620702,20121231,1,PPG.N
22517,19951127,20121231,PPL,1,19451231,20121231,1,PPL.N
26438,19640130,20001211,PRD,1,19620702,20121231,1,PRD.N
77182,20111219,20121231,PRGO,3,19911217,20121231,1,PRGO.O
89258,20020722,20121231,PRU,1,20011213,20121231,1,PRU.N
64653,20050819,20121231,PSA,1,19951117,20121231,1,PSA.N
78083,19981002,20041228,PSFT,3,19921119,20121231,1,PSFT.O
13356,20120501,20121231,PSX,1,20120501,20121231,1,PSX.N
87292,19991105,20101116,PTV,1,19991105,20121231,1,PTV.N
85073,19970611,20050930,PVN,1,19970613,20121231,1,PVN.N
85516,20001023,20050311,PWER,3,19971001,20121231,1,PWER.O
54463,19990604,20001103,PWJ,1,19720403,20121231,1,PWJ.N
85792,20090701,20121231,PWR,1,19980212,20121231,1,PWR.N
77768,19920706,20121231,PX,1,19920706,20121231,1,PX.N
75241,20080924,20121231,PXD,1,19970807,20121231,1,PXD.N
85032,20000706,20110331,Q,1,20000103,20121231,1,Q.N
77178,19990722,20121231,QCOM,3,19911213,20121231,1,QCOM.O
93422,20100701,20121231,QEP,1,20100701,20121231,1,QEP.N
80266,20001212,20110114,QLGC,3,19940228,20121231,1,QLGC.O
80470,19991116,20030925,QTRN,3,19940421,20121231,1,QTRN.O
27633,19821230,20121231,R,1,19880805,20121231,1,R.N
46922,19751211,20000726,RAD,1,19700126,20121231,1,RAD.N
86946,20020904,20121231,RAI,1,20040802,20121231,1,RAI.N
28353,19631205,20011212,RAL,1,19620702,20121231,1,RAL.N
80515,20020201,20030221,RATL,3,19940404,20121231,1,RATL.O
91380,19870108,20060131,RBK,1,19861203,20121231,1,RBK.N
25267,19570301,20020719,RD,1,19620702,20121231,1,RD.N
45495,19850110,20121231,RDC,1,19751218,20121231,1,RDC.N
35044,19980828,20121231,RF,1,20020503,20121231,1,RF.N
87184,20090727,20121231,RHAT,3,19990811,20061212,1,RHAT.O
52230,20001205,20121231,RHI,1,19900122,20121231,1,RHI.N
87184,20090727,20121231,RHT,1,20061212,20121231,1,RHT.N
79237,19991231,20081218,RIG,1,19930528,20121231,1,RIG.N
86946,20020904,20121231,RJR,1,19990615,20040802,1,RJR.N
59248,19760701,20121231,RKY,1,19990311,20050209,1,RKY.N
85072,20070201,20121231,RL,1,19970612,20121231,1,RL.N
18921,19570301,20000504,RLM,1,19620702,20121231,1,RLM.N
47490,19841123,20001211,RML,1,19851226,20121231,1,RML.N
23990,19820916,20090401,ROH,1,19620702,20121231,1,ROH.N
84381,19961209,20121231,ROK,1,19961216,20121231,1,ROK.N
77338,20091223,20121231,ROP,1,19961101,20121231,1,ROP.N
91556,20091221,20121231,ROST,3,19850808,20121231,1,ROST.O
50017,20071221,20121231,RRC,1,19980826,20121231,1,RRC.N
38682,19840719,20121211,RRD,1,20040301,20090805,1,RRD.N
38682,19840719,20121211,RRD,3,20090805,20121231,1,RRD.O
86228,20081205,20121231,RSG,1,19980701,20121231,1,RSG.N
15560,19730301,20110630,RSH,1,20000531,20121231,1,RSH.N
24942,19570301,20121231,RTN,1,19620702,20121231,1,RTN.N
84020,19961101,20100226,RX,1,19980623,20121231,1,RX.N
39087,19890727,20121231,S,1,20050815,20121231,2,S.N
14322,19251231,20050324,S,1,19620702,20121231,2,S.N
59440,19760701,20080922,SAF,1,20061130,20121231,1,SAF.N
59440,19760701,20080922,SAFC,3,19721214,20061130,1,SAFC.O
91547,20091221,20121231,SAI,1,20061013,20121231,1,SAI.N
79108,20000621,20070629,SANM,3,19930414,20121231,1,SANM.O
83413,20000505,20020510,SAPE,3,19960404,20121231,1,SAPE.O
66093,19831201,20121231,SBC,1,19840216,20051201,1,SBC.N
73940,20001211,20070109,SBL,1,19880128,20121231,1,SBL.N
77702,20000608,20121231,SBUX,3,19920626,20121231,1,SBUX.O
23085,20090102,20121231,SCG,31,20000211,20121231,1,SCG.N
75186,19970602,20121231,SCH,1,19870922,20051220,1,SCH.N
75186,19970602,20121231,SCHW,1,20100305,20121231,1,SCHW.N
75186,19970602,20121231,SCHW,3,20051220,20100305,1,SCHW.O
51625,19861218,20000315,SCI,1,20040827,20121231,1,SCI.N
10108,20020722,20050811,SDS,1,19970604,20121231,1,SDS.N
91650,20070103,20121231,SE,1,20070103,20121231,1,SE.N
83693,20000505,20060131,SEBL,3,19960628,20121231,1,SEBL.O
85926,19980401,20121231,SEE,1,19980408,20121231,1,SEE.N
69607,19960816,20001121,SEG,1,19941212,20121231,1,SEG.N
45671,19810226,20060224,SFA,1,19790611,20121231,1,SFA.N
10791,19940118,20000620,SGI,1,19900206,20121231,1,SGI.N
25013,19570301,20091103,SGP,1,19710118,20121231,1,SGP.N
89757,20050328,20121231,SHLD,3,20050328,20121231,1,SHLD.O
36468,19640514,20121231,SHW,1,19640211,20121231,1,SHW.N
70536,19940921,20121231,SIAL,3,19750808,20121231,1,SIAL.O
45794,20061002,20100826,SII,1,19680226,20121231,1,SII.N
42585,20081106,20121231,SJM,1,19651020,20121231,1,SJM.N
14277,19650304,20121231,SLB,1,19620702,20121231,1,SLB.N
22840,19810910,20120628,SLE,1,19850402,20120629,1,SLE.N
66325,19980701,20121231,SLM,1,19840410,20111212,1,SLM.N
66325,19980701,20121231,SLM,3,20111212,20121231,1,SLM.O
75857,19981231,20071001,SLR,1,19920421,20121231,1,SLR.N
44062,19670629,20001211,SMI,1,19661230,20121231,1,SMI.N
70229,19841025,20000607,SMS,1,19970918,20121231,1,SMS.N
60206,19820916,20121231,SNA,1,19780227,20121231,1,SNA.N
82618,20060420,20121231,SNDK,3,19951108,20121231,1,SNDK.O
92709,20080701,20121231,SNI,1,20080701,20121231,1,SNI.N
92709,20080701,20121231,SNI,31,20080616,20080701,1,SNI.N
20053,19971128,20071231,SNV,1,19890912,20121231,1,SNV.N
18411,19440607,20121231,SO,1,19620702,20121231,1,SO.N
71686,19990301,20041029,SOTR,3,19810928,20121231,1,SOTR.O
10562,20040701,20090129,SOV,1,20010710,20121231,1,SOV.N
59459,19760701,20121231,SPC,1,19920505,20040402,1,SPC.N
80100,20020626,20121231,SPG,1,19931214,20121231,1,SPG.N
75489,19981007,20121231,SPLS,3,19890428,20121231,1,SPLS.O
83906,20081119,20121231,SRCL,3,19960823,20121231,1,SRCL.O
86136,19980630,20121231,SRE,1,19980629,20121231,1,SRE.N
51625,19861218,20000315,SRV,1,19740514,20040827,1,SRV.N
84176,20051220,20080630,SSP,1,19961114,20121231,1,SSP.N
59459,19760701,20121231,STA,1,20040402,20070227,1,STA.N
68144,19880505,20121231,STI,1,19850701,20121231,1,STI.N
68591,19891201,20121231,STJ,1,19961202,20121231,1,STJ.N
27756,20061201,20100630,STR,1,19841002,20121231,1,STR.N
72726,19970815,20121231,STT,1,19950214,20121231,1,STT.N
89641,20120702,20121231,STX,1,20021211,20080916,1,STX.N
89641,20120702,20121231,STX,3,20080916,20121231,1,STX.O
69796,20050705,20121231,STZ,1,20000920,20121231,1,STZ.N
51588,19980128,20010228,SUB,1,19960301,20121231,1,SUB.N
14656,19690306,20121004,SUN,1,19620702,20121231,1,SUN.N
10078,19920820,20100128,SUNW,3,19860304,20070827,1,SUNW.O
88313,20000713,20111122,SV,1,20000626,20030102,1,SV.N
44951,19850131,20120430,SVU,1,19670913,20121231,1,SVU.N
43350,19820916,20121231,SWK,1,19660615,20121231,1,SWK.N
63765,20080606,20121231,SWN,1,19811210,20121231,1,SWN.N
76149,19981113,20121231,SWY,1,19900426,20121231,1,SWY.N
73139,20001212,20121231,SYK,1,19970724,20121231,1,SYK.N
75607,20030331,20121231,SYMC,3,19890623,20121231,1,SYMC.O
52038,19861218,20121231,SYY,1,19810120,20121231,1,SYY.N
66093,19831201,20121231,T,1,20051201,20121231,2,T.N
10401,19570301,20051118,T,1,19620702,20121231,2,T.N
59248,19760701,20121231,TAP,1,20050209,20121231,2,TAP.N
89495,20020821,20040401,TAP,1,20020821,20121231,2,TAP.N
92293,20071001,20121231,TDC,1,20071001,20121231,1,TDC.N
92293,20071001,20121231,TDC,31,20070913,20071001,1,TDC.N
37161,20011010,20121231,TE,1,19650201,20121231,1,TE.N
25099,20070222,20121231,TEG,1,20070222,20121231,1,TEG.N
40061,19670223,20071115,TEK,1,19640110,20121231,1,TEK.N
92157,20070702,20090625,TEL,1,20070702,20121231,1,TEL.N
92157,20111017,20121231,TEL,1,20070702,20121231,1,TEL.N
51369,19991115,20121231,TER,1,19790515,20121231,1,TER.N
58318,20061220,20081105,TEX,1,19910319,20121231,1,TEX.N
49154,19761209,20121231,TGT,1,20000131,20121231,1,TGT.N
52337,19790208,20121231,THC,1,19950301,20121231,1,THC.N
83699,20071029,20121221,TIE,1,19980716,20121231,1,TIE.N
75100,20000621,20121231,TIF,1,19870505,20121231,1,TIF.N
66114,19861218,20071228,TIN,1,19840127,20121231,1,TIN.N
40539,19850926,20121231,TJX,1,19890621,20121231,1,TJX.N
14795,19640220,20010806,TKR,1,19620702,20121231,1,TKR.N
75257,19950703,20111220,TLAB,3,19800715,20121231,1,TLAB.O
81193,19950201,20000612,TMC,1,19950201,20121231,1,TMC.N
62308,19890427,20121231,TMK,1,19820701,20121231,1,TMK.N
62092,19970102,20121231,TMO,1,19800827,20121231,1,TMO.N
84342,20010604,20111216,TMPW,3,19961213,20030501,1,TMPW.O
38578,19741017,20040802,TNB,1,19620927,20121231,1,TNB.N
61663,19990920,20010920,TOS,1,19800130,20121231,1,TOS.N
61065,19830908,20050721,TOY,1,19790629,20121231,1,TOY.N
65787,19860130,20071220,TRB,1,19831012,20121231,1,TRB.N
13168,20111221,20121231,TRIP,3,20111221,20121231,1,TRIP.O
10138,19991013,20121231,TROW,3,19860402,20121231,1,TROW.O
59459,19760701,20121231,TRV,1,20070227,20121231,1,TRV.N
18681,19640220,20021211,TRW,1,19620702,20121231,1,TRW.N
84036,20000316,20070330,TSG,1,19961011,20121231,1,TSG.N
77730,20050811,20121231,TSN,1,19971017,20121231,1,TSN.N
37284,20070927,20121231,TSO,1,19711029,20121231,1,TSO.N
76639,20080102,20121231,TSS,1,19890607,20121231,1,TSS.N
81285,20020513,20080605,TT,1,20071128,20121231,1,TT.N
83462,19960531,20040324,TUP,1,19960531,20121231,1,TUP.N
91883,20090330,20121231,TWC,1,20070301,20121231,1,TWC.N
77418,19990104,20121231,TWX,1,20031016,20121231,2,TWX.N
40483,19640423,20010112,TWX,1,19891211,20121231,2,TWX.N
14736,19251231,20011009,TX,1,19620702,20121231,1,TX.N
15579,19590325,20121231,TXN,1,19620702,20120103,1,TXN.N
15579,19590325,20121231,TXN,3,20120103,20121231,1,TXN.O
23579,19781005,20121231,TXT,1,19620702,20121231,1,TXT.N
24563,19570301,20071009,TXU,1,19620702,20121231,1,TXU.N
45356,19890727,20090316,TYC,1,19740116,20121231,1,TYC.N
45356,20100827,20121231,TYC,1,19740116,20121231,1,TYC.N
28847,19861218,20020514,U,1,19791029,20121231,1,U.N
14891,19570301,20050810,UCL,1,19620702,20121231,1,UCL.N
20853,19410820,20001020,UCM,1,19940901,20121231,1,UCM.N
10890,19540420,20081110,UIS,1,19861110,20121231,1,UIS.N
15659,19251231,20010206,UK,1,19620702,20121231,1,UK.N
88388,19980615,20000615,UMG,1,19980615,20121231,1,UMG.N
28310,19611206,20020719,UN,1,19620702,20121231,1,UN.N
92655,19940701,20121231,UNH,1,19911010,20121231,1,UNH.N
71175,19940311,20121231,UNM,1,19861106,20121231,1,UNM.N
48725,19690716,20121231,UNP,1,19690716,20121231,1,UNP.N
78263,19981001,20040630,UPC,1,19890207,20121231,1,UPC.N
82308,19961016,20000714,UPR,1,19951011,20121231,1,UPR.N
87447,20020722,20121231,UPS,1,19991110,20121231,1,UPS.N
79881,20100208,20121231,URBN,3,19931109,20121231,1,URBN.O
78840,20061201,20080820,USAI,3,19980217,20030623,1,USAI.O
66157,19951023,20121231,USB,1,19970804,20121231,1,USB.N
15077,19870409,20090105,UST,1,19870506,20121231,1,UST.N
66122,19831201,20000705,USW,1,19840216,20121231,1,USW.N
17830,19570301,20121231,UTX,1,19750501,20121231,1,UTX.N
84001,20010207,20070328,UVN,1,19960927,20121231,1,UVN.N
92611,20091221,20121231,V,1,20080319,20121231,1,V.N
27043,20070212,20121231,VAR,1,19620702,20121231,1,VAR.N
88319,20000629,20051230,VC,1,20000629,20121231,1,VC.N
43553,19790503,20121231,VFC,1,19690417,20121231,1,VFC.N
76226,19940930,20121231,VIA,1,19990408,20060103,2,VIA.N
91063,20060103,20121231,VIA,1,20060103,20111201,2,VIA.N
91063,20060103,20121231,VIAB,3,20111201,20121231,1,VIAB.O
85269,20040429,20121231,VLO,1,19970812,20121231,1,VLO.N
15202,19990701,20121231,VMC,1,19620702,20121231,1,VMC.N
28388,20050812,20121231,VNO,1,19620702,20121231,1,VNO.N
19916,19570301,20001208,VO,1,19741114,20121231,1,VO.N
85753,20060201,20121231,VRSN,3,19980130,20121231,1,VRSN.O
80055,20000403,20050701,VRTS,3,19931209,20121231,1,VRTS.O
75819,20090304,20121231,VTR,1,19980501,20121231,1,VTR.N
77173,20001212,20020820,VTSS,3,19911211,20121231,1,VTSS.O
65875,19831201,20121231,VZ,1,20000703,20121231,1,VZ.N
19502,19791011,20121231,WAG,1,19620702,20121231,1,WAG.N
82651,20020102,20121231,WAT,1,19951117,20121231,1,WAT.N
36469,19890209,20081231,WB,1,20010904,20121231,1,WB.N
11042,19960401,20020514,WCOM,3,19950526,20121231,1,WCOM.O
66384,20090701,20121231,WDC,1,19910131,20120601,1,WDC.N
66384,20090701,20121231,WDC,3,20120601,20121231,1,WDC.O
23536,20081031,20121231,WEC,1,19870102,20121231,1,WEC.N
63060,19820304,20080929,WEN,1,19810527,20121231,1,WEN.N
38703,19760701,20121231,WFC,1,19981103,20121231,1,WFC.N
77281,20060103,20121231,WFM,3,20110506,20121231,1,WFM.O
77281,20060103,20121231,WFMI,3,19920123,20110506,1,WFMI.O
81776,20070531,20111216,WFR,1,19950713,20121231,1,WFR.N
32791,20050722,20090225,WFT,1,19980922,20121231,1,WFT.N
25419,19590401,20121231,WHR,1,19620702,20121231,1,WHR.N
24803,19570301,20041202,WIN,1,19620702,20121231,2,WIN.N
91391,20060718,20121231,WIN,1,20060718,20091210,2,WIN.N
91391,20060718,20121231,WIN,3,20091210,20121231,1,WIN.O
24678,19570301,20000620,WLA,1,19620702,20121231,1,WLA.N
82959,19950818,20020208,WLL,1,19961231,20121231,1,WLL.N
83583,19990609,20041130,WLP,1,19960521,20121231,2,WLP.N
89179,20020725,20121231,WLP,1,20041201,20121231,2,WLP.N
81593,19970702,20080929,WM,1,19981209,20121231,2,WM.N
11955,19980717,20121231,WM,1,20090805,20121231,2,WM.N
38156,19750206,20121231,WMB,1,19671204,20121231,1,WMB.N
11955,19980717,20121231,WMI,1,19980717,20090805,1,WMI.N
55976,19820819,20121231,WMT,1,19721120,20121231,1,WMT.N
83601,19880714,20041217,WOR,1,20000419,20121231,1,WOR.N
78916,19990412,20121231,WPI,1,19970917,20121231,1,WPI.N
53225,20071231,20121231,WPO,1,19900131,20121231,1,WPO.N
25099,20070222,20121231,WPS,1,19620702,20070222,1,WPS.N
13141,20120103,20121231,WPX,1,20120103,20121231,1,WPX.N
91461,20061002,20121231,WU,1,20061002,20121231,1,WU.N
91461,20061002,20121231,WU,31,20060925,20061002,1,WU.N
15472,19570301,20081006,WWY,1,19620702,20121231,1,WWY.N
39917,19631205,20121231,WY,1,19631206,20121231,1,WY.N
15667,19570301,20091015,WYE,1,20020311,20121231,1,WYE.N
91392,20060801,20121231,WYN,1,20060801,20121231,1,WYN.N
89533,20081114,20121231,WYNN,3,20021025,20121231,1,WYNN.O
76644,19910507,20121231,X,1,19910507,20121231,1,X.N
23931,19490706,20121231,XEL,1,20000821,20121231,1,XEL.N
86314,20010904,20121231,XL,1,19980818,20121231,1,XL.N
76201,19991108,20121231,XLNX,3,19900612,20121231,1,XLNX.O
11850,19251231,20121231,XOM,1,19991201,20121231,1,XOM.N
11600,20081114,20121231,XRAY,3,19870812,20121231,1,XRAY.O
27983,19630905,20121231,XRX,1,19620702,20121231,1,XRX.N
79212,20041229,20100625,XTO,1,19930512,20121231,1,XTO.N
13035,20111101,20121231,XYL,1,20111101,20121231,1,XYL.N
83435,19991208,20121231,YHOO,3,19960412,20121231,1,YHOO.O
86041,20000106,20001002,YNR,1,19980512,20121231,1,YNR.N
85348,19971007,20121231,YUM,1,19971007,20121231,1,YUM.N
84129,20010625,20121231,ZION,3,19721214,20121231,1,ZION.O
89070,20010807,20121231,ZMH,1,20010807,20121231,1,ZMH.N
