2010-02-16 21:00:00,0.3732171290285502
2010-02-17 21:00:00,0.38614290523345063
2010-02-18 21:00:00,0.4014082285636829
2010-02-19 21:00:00,0.3905809684726436
2010-02-22 21:00:00,0.4229527515289907
2010-02-23 21:00:00,0.41378681714274196
2010-02-24 21:00:00,0.38527198683889713
2010-02-25 21:00:00,0.39197907852819147
2010-02-26 21:00:00,0.39570290720110346
2010-03-01 21:00:00,0.3702271698396428
2010-03-02 21:00:00,0.38144176049536027
2010-03-03 21:00:00,0.3719606420604846
2010-03-04 21:00:00,0.2839362569197402
2010-03-05 21:00:00,0.19904910875029527
2010-03-08 21:00:00,-0.01094699051274355
2010-03-09 21:00:00,0.0028404747638106154
2010-03-10 21:00:00,-0.0029353645922127005
2010-03-11 21:00:00,0.06769349525044598
2010-03-12 21:00:00,0.043688601303881934
2010-03-15 20:00:00,0.06511756919819944
2010-03-16 20:00:00,0.07075638925628584
2010-03-17 20:00:00,0.08174984875053487
2010-03-18 20:00:00,0.05276684079519335
2010-03-19 20:00:00,-0.025357381840659818
2010-03-22 20:00:00,-0.04332355043520555
2010-03-23 20:00:00,-0.08948731722582787
2010-03-24 20:00:00,-0.06997474084560949
2010-03-25 20:00:00,-0.04764879471630734
2010-03-26 20:00:00,-0.10257634044351849
2010-03-29 20:00:00,-0.14682866160481897
2010-03-30 20:00:00,-0.155352252085299
2010-03-31 20:00:00,-0.14878002787936812
2010-04-01 20:00:00,-0.17225075435587234
2010-04-05 20:00:00,-0.1357641974131936
2010-04-06 20:00:00,-0.14207371215500392
2010-04-07 20:00:00,-0.09182162613235463
2010-04-08 20:00:00,-0.12494794010138686
2010-04-09 20:00:00,-0.13748674014500203
2010-04-12 20:00:00,-0.14396703177580075
2010-04-13 20:00:00,-0.1724974898951962
2010-04-14 20:00:00,-0.1650627051001706
2010-04-15 20:00:00,-0.19021399872645275
2010-04-16 20:00:00,0.07901871637512341
2010-04-19 20:00:00,0.06988083540804764
2010-04-20 20:00:00,0.06707017969379406
2010-04-21 20:00:00,0.06937164934669963
2010-04-22 20:00:00,0.07128834191879528
2010-04-23 20:00:00,0.062483628262222965
2010-04-26 20:00:00,0.14690881917247461
2010-04-27 20:00:00,0.08218008670666684
2010-04-28 20:00:00,0.08210077670204785
2010-04-29 20:00:00,0.08449915674702865
2010-04-30 20:00:00,0.2950261657052435
2010-05-03 20:00:00,0.3049784526662328
2010-05-04 20:00:00,0.26676549669443983
2010-05-05 20:00:00,0.3300004800270529
2010-05-06 20:00:00,0.32835852391715425
2010-05-07 20:00:00,0.30895548895738273
2010-05-10 20:00:00,0.22175400939486706
2010-05-11 20:00:00,0.2332545589865296
2010-05-12 20:00:00,0.23700891417762115
2010-05-13 20:00:00,0.24170523059196775
2010-05-14 20:00:00,0.23798232778393738
2010-05-17 20:00:00,0.24806022197424368
2010-05-18 20:00:00,0.23269732437831317
2010-05-19 20:00:00,0.23312436148967663
2010-05-20 20:00:00,0.22946043617442846
2010-05-21 20:00:00,0.22289347886689803
2010-05-24 20:00:00,0.22912520447579432
2010-05-25 20:00:00,0.1920323532920035
2010-05-26 20:00:00,0.20037752656011434
2010-05-27 20:00:00,0.2031262039620072
2010-05-28 20:00:00,0.34081328543933725
2010-06-01 20:00:00,0.34348467471677585
2010-06-02 20:00:00,0.35168651189064176
2010-06-03 20:00:00,0.35190986411958164
2010-06-04 20:00:00,0.28151105747375255
2010-06-07 20:00:00,0.2761283568448442
2010-06-08 20:00:00,0.27224838392340783
2010-06-09 20:00:00,0.3198336228461256
2010-06-10 20:00:00,0.33292095476443384
2010-06-11 20:00:00,0.3362542728935631
2010-06-14 20:00:00,0.19334382269110578
2010-06-15 20:00:00,0.16234636994637364
2010-06-16 20:00:00,0.19796706474483977
2010-06-17 20:00:00,0.19792792893710434
2010-06-18 20:00:00,0.20316414728832755
2010-06-21 20:00:00,0.22907272494546083
2010-06-22 20:00:00,0.30415543960819685
2010-06-23 20:00:00,0.2893870484814497
2010-06-24 20:00:00,0.24298539292971236
2010-06-25 20:00:00,0.2416956926728995
2010-06-28 20:00:00,0.2320146554910476
2010-06-29 20:00:00,0.16227937559590974
2010-06-30 20:00:00,0.20263914921110235
2010-07-01 20:00:00,0.19686948292755285
2010-07-02 20:00:00,0.1354668523629656
2010-07-06 20:00:00,0.1562706329923079
2010-07-07 20:00:00,0.19558978441878064
2010-07-08 20:00:00,0.3328304002858838
2010-07-09 20:00:00,0.34401141091453147
2010-07-12 20:00:00,0.3386634156616946
2010-07-13 20:00:00,0.345981748551071
2010-07-14 20:00:00,0.34406644308358403
2010-07-15 20:00:00,0.2850590798014702
2010-07-16 20:00:00,0.1957931867953103
2010-07-19 20:00:00,0.29914529818637103
2010-07-20 20:00:00,0.32662934317911807
2010-07-21 20:00:00,0.32754021541789563
2010-07-22 20:00:00,0.3448945384153405
2010-07-23 20:00:00,0.2805629220304067
2010-07-26 20:00:00,0.32146762980871374
2010-07-27 20:00:00,0.4324541273342711
2010-07-28 20:00:00,0.42101129975726126
2010-07-29 20:00:00,0.35920178271847597
2010-07-30 20:00:00,0.34193837579227576
2010-08-02 20:00:00,0.35799926855751113
2010-08-03 20:00:00,0.33953392175129843
2010-08-04 20:00:00,0.32811756499058864
2010-08-05 20:00:00,0.32336732480681885
2010-08-06 20:00:00,0.3336701878774694
2010-08-09 20:00:00,0.33261084335663726
2010-08-10 20:00:00,0.4062212718779023
2010-08-11 20:00:00,0.49283397691956854
2010-08-12 20:00:00,0.49594324171736603
2010-08-13 20:00:00,0.49136198912711915
2010-08-16 20:00:00,0.4897662882537798
2010-08-17 20:00:00,0.4740512864894366
2010-08-18 20:00:00,0.3968081704243962
2010-08-19 20:00:00,0.37899527965549246
2010-08-20 20:00:00,0.2963475745390729
2010-08-23 20:00:00,0.24436500303930897
2010-08-24 20:00:00,0.2794910768935297
2010-08-25 20:00:00,0.28774388825833747
2010-08-26 20:00:00,0.32200790369415155
2010-08-27 20:00:00,0.44810282650611455
2010-08-30 20:00:00,0.45697499085248944
2010-08-31 20:00:00,0.3854654393594474
2010-09-01 20:00:00,0.35447147303675663
2010-09-02 20:00:00,0.37715776575754717
2010-09-03 20:00:00,0.36711247546318687
2010-09-07 20:00:00,0.36219573928517934
2010-09-08 20:00:00,0.362894215519439
2010-09-09 20:00:00,0.3388889649977489
2010-09-10 20:00:00,0.38041141756112845
2010-09-13 20:00:00,0.3559835976305283
2010-09-14 20:00:00,0.33869923534600044
2010-09-15 20:00:00,0.36574631231173954
2010-09-16 20:00:00,0.36584144363094084
2010-09-17 20:00:00,0.33682566571926775
2010-09-20 20:00:00,0.31400331413569493
2010-09-21 20:00:00,0.3016589624918188
2010-09-22 20:00:00,0.32899268350859945
2010-09-23 20:00:00,0.315827010740179
2010-09-24 20:00:00,0.2549466862269383
2010-09-27 20:00:00,0.2679335868706984
2010-09-28 20:00:00,0.2575568542925215
2010-09-29 20:00:00,0.27926782908927056
2010-09-30 20:00:00,0.23531579922648221
2010-10-01 20:00:00,0.2405817930694446
2010-10-04 20:00:00,0.27419397311792
2010-10-05 20:00:00,0.29815743957397367
2010-10-06 20:00:00,0.27875948218144997
2010-10-07 20:00:00,0.28783036077637597
2010-10-08 20:00:00,0.2577812331231843
2010-10-11 20:00:00,0.2879602536733979
2010-10-12 20:00:00,0.23242574655174697
2010-10-13 20:00:00,0.22076434710418674
2010-10-14 20:00:00,0.2568057394320828
2010-10-15 20:00:00,0.26159809452523997
2010-10-18 20:00:00,0.16998484563459534
2010-10-19 20:00:00,0.12773216592852563
2010-10-20 20:00:00,0.12633788840599688
2010-10-21 20:00:00,0.1139930117569634
2010-10-22 20:00:00,0.13590451408935836
2010-10-25 20:00:00,0.159863353735266
2010-10-26 20:00:00,0.13764403691864685
2010-10-27 20:00:00,0.08197788948013643
2010-10-28 20:00:00,0.07591871471003328
2010-10-29 20:00:00,0.11143451043913213
2010-11-01 20:00:00,0.14621642308036423
2010-11-02 20:00:00,0.1858688659021744
2010-11-03 20:00:00,0.009714290302040718
2010-11-04 20:00:00,-0.0008631386841424473
2010-11-05 20:00:00,0.19724131805708514
2010-11-08 21:00:00,0.20859784698423728
2010-11-09 21:00:00,0.22928076622338653
2010-11-10 21:00:00,0.25869747965064355
2010-11-11 21:00:00,0.3334509105875308
2010-11-12 21:00:00,0.3294114739948393
2010-11-15 21:00:00,0.3341221422898026
2010-11-16 21:00:00,0.3388431954418993
2010-11-17 21:00:00,0.322961498531447
2010-11-18 21:00:00,0.3041700516504869
2010-11-19 21:00:00,0.32648338807936345
2010-11-22 21:00:00,0.22865849742432892
2010-11-23 21:00:00,0.28041779446856113
2010-11-24 21:00:00,0.30388260997043076
2010-11-26 21:00:00,0.3085795812204069
2010-11-29 21:00:00,0.26525727842486224
2010-11-30 21:00:00,0.2765660842872451
2010-12-01 21:00:00,0.2990496283923106
2010-12-02 21:00:00,0.27423629759337886
2010-12-03 21:00:00,0.2781085587493024
2010-12-06 21:00:00,0.2579144894701373
2010-12-07 21:00:00,0.24662480873890072
2010-12-08 21:00:00,0.12043462089773305
2010-12-09 21:00:00,0.17125516218908537
2010-12-10 21:00:00,0.1863058166405876
2010-12-13 21:00:00,0.19511478553658665
2010-12-14 21:00:00,0.191365832441066
2010-12-15 21:00:00,0.15837451114169687
2010-12-16 21:00:00,0.11814960150635445
2010-12-17 21:00:00,0.19211532491131228
2010-12-20 21:00:00,0.11713001299030719
2010-12-21 21:00:00,0.08600700441606746
2010-12-22 21:00:00,0.07711118667342767
2010-12-23 21:00:00,0.03507567722622256
2010-12-27 21:00:00,0.004282878278501461
2010-12-28 21:00:00,0.02666714961429618
2010-12-29 21:00:00,0.008506982807944354
2010-12-30 21:00:00,0.01360735420253349
2010-12-31 21:00:00,0.02007940631900707
2011-01-03 21:00:00,0.03860700948442898
2011-01-04 21:00:00,0.0646339527179032
2011-01-05 21:00:00,0.1594451448953203
2011-01-06 21:00:00,0.1780950538254533
2011-01-07 21:00:00,0.11837977317359673
2011-01-10 21:00:00,0.15075791079828588
2011-01-11 21:00:00,0.167330911513361
2011-01-12 21:00:00,0.12657867644195286
2011-01-13 21:00:00,0.19118600409513656
2011-01-14 21:00:00,0.17957991219893482
2011-01-18 21:00:00,0.07743891976254526
2011-01-19 21:00:00,0.19290398565625494
2011-01-20 21:00:00,0.15943257735830865
2011-01-21 21:00:00,0.24024437518764694
2011-01-24 21:00:00,0.22043254669577297
2011-01-25 21:00:00,0.15754717796791293
2011-01-26 21:00:00,0.1423358266901129
2011-01-27 21:00:00,0.1413496893141043
2011-01-28 21:00:00,0.1611932756323621
2011-01-31 21:00:00,0.169380300429771
2011-02-01 21:00:00,0.15922966076757372
2011-02-02 21:00:00,0.14988478557226279
2011-02-03 21:00:00,0.14992563865352643
2011-02-04 21:00:00,0.14742735073948585
2011-02-07 21:00:00,0.14847681380102357
2011-02-08 21:00:00,0.15404056198945315
2011-02-09 21:00:00,0.13516282741877209
2011-02-10 21:00:00,0.11216595965136916
2011-02-11 21:00:00,0.10231464842304741
2011-02-14 21:00:00,0.10078619572374516
2011-02-15 21:00:00,0.13350623872614453
2011-02-16 21:00:00,0.12263620859264565
2011-02-17 21:00:00,0.07788019042822061
2011-02-18 21:00:00,0.014333145719492204
2011-02-22 21:00:00,0.23983196004587032
2011-02-23 21:00:00,0.18020685007588927
2011-02-24 21:00:00,0.19158394215902858
2011-02-25 21:00:00,0.20063509389770995
2011-02-28 21:00:00,0.1972118608813765
2011-03-01 21:00:00,0.24087398532557383
2011-03-02 21:00:00,0.28802882663836543
2011-03-03 21:00:00,0.3887541554247184
2011-03-04 21:00:00,0.3898084551544814
2011-03-07 21:00:00,0.39192091753853636
2011-03-08 21:00:00,0.43314846914989213
2011-03-09 21:00:00,0.5356013977125187
2011-03-10 21:00:00,0.4689188015687674
2011-03-11 21:00:00,0.48360452122747705
2011-03-14 20:00:00,0.43274705600951324
2011-03-15 20:00:00,0.42614405432641767
2011-03-16 20:00:00,0.3666341056387113
2011-03-17 20:00:00,0.3345034641473689
2011-03-18 20:00:00,0.3141406401720048
2011-03-21 20:00:00,0.2873879846647611
2011-03-22 20:00:00,0.31357981871366514
2011-03-23 20:00:00,0.31746543391761173
2011-03-24 20:00:00,0.3469762373861385
2011-03-25 20:00:00,0.3518409659826699
2011-03-28 20:00:00,0.36104103124368475
2011-03-29 20:00:00,0.3715664126072529
2011-03-30 20:00:00,0.3696617034792589
2011-03-31 20:00:00,0.3567834903031371
2011-04-01 20:00:00,0.38307676926673423
2011-04-04 20:00:00,0.37824978089669403
2011-04-05 20:00:00,0.16172168850085436
2011-04-06 20:00:00,0.1955129416705025
2011-04-07 20:00:00,0.15811468415557295
2011-04-08 20:00:00,0.1300018399021432
2011-04-11 20:00:00,0.15817544271186357
2011-04-12 20:00:00,0.0915910577495476
2011-04-13 20:00:00,0.08112404371485647
2011-04-14 20:00:00,-0.044916603485124544
2011-04-15 20:00:00,-0.019685631966787583
2011-04-18 20:00:00,-0.022241177694941775
2011-04-19 20:00:00,-0.1474601791950941
2011-04-20 20:00:00,-0.13287415080210102
2011-04-21 20:00:00,-0.05751695190418941
2011-04-25 20:00:00,-0.03553022175529832
2011-04-26 20:00:00,-0.09762565098546591
2011-04-27 20:00:00,-0.07557963915207132
2011-04-28 20:00:00,-0.001588712267383567
2011-04-29 20:00:00,-0.01788273770062066
2011-05-02 20:00:00,-0.020461500437496512
2011-05-03 20:00:00,0.025029776256136584
2011-05-04 20:00:00,-0.012253668180797374
2011-05-05 20:00:00,-0.04641281815765219
2011-05-06 20:00:00,-0.06341876674986185
2011-05-09 20:00:00,-0.040843723707127674
2011-05-10 20:00:00,-0.017748253816035998
2011-05-11 20:00:00,0.004094472318745785
2011-05-12 20:00:00,-0.0897766301721151
2011-05-13 20:00:00,-0.08410808650969212
2011-05-16 20:00:00,-0.09548033059078008
2011-05-17 20:00:00,-0.09103648708632837
2011-05-18 20:00:00,-0.12798224689109172
2011-05-19 20:00:00,-0.1359592814174304
2011-05-20 20:00:00,-0.20552569162013437
2011-05-23 20:00:00,-0.19342734498099096
2011-05-24 20:00:00,-0.19786131766571516
2011-05-25 20:00:00,-0.22250187638569974
2011-05-26 20:00:00,-0.2132607530060657
2011-05-27 20:00:00,-0.15084579449840627
2011-05-31 20:00:00,-0.19171859915151393
2011-06-01 20:00:00,0.19368857546018134
2011-06-02 20:00:00,0.1897875179295279
2011-06-03 20:00:00,0.17034362456855445
2011-06-06 20:00:00,0.15095530848564814
2011-06-07 20:00:00,0.13647026565584897
2011-06-08 20:00:00,0.16561369569896947
2011-06-09 20:00:00,0.16153762775740377
2011-06-10 20:00:00,0.17821264957329505
2011-06-13 20:00:00,0.21301433583568696
2011-06-14 20:00:00,0.20969721637493036
2011-06-15 20:00:00,0.21031816257052155
2011-06-16 20:00:00,0.21844608717805294
2011-06-17 20:00:00,0.23740671855560197
2011-06-20 20:00:00,0.2527591293789744
2011-06-21 20:00:00,0.20746973111475328
2011-06-22 20:00:00,0.18105525847012618
2011-06-23 20:00:00,0.1482463895365054
2011-06-24 20:00:00,0.22007461542425594
2011-06-27 20:00:00,0.2258408354883711
2011-06-28 20:00:00,0.23468627521442834
2011-06-29 20:00:00,0.2494584424909835
2011-06-30 20:00:00,0.24529585636668894
2011-07-01 20:00:00,0.27455163324494825
2011-07-05 20:00:00,0.3284083958272996
2011-07-06 20:00:00,0.2965072037848621
2011-07-07 20:00:00,0.29275574461611853
2011-07-08 20:00:00,0.34995362693560267
2011-07-11 20:00:00,0.3581349364788011
2011-07-12 20:00:00,0.3518829291926634
2011-07-13 20:00:00,0.3164946157641566
2011-07-14 20:00:00,0.02288936131790035
2011-07-15 20:00:00,0.012731542360757468
2011-07-18 20:00:00,0.09448421278143146
2011-07-19 20:00:00,0.06070776466948758
2011-07-20 20:00:00,-0.008049247306461985
2011-07-21 20:00:00,0.011192425516327096
2011-07-22 20:00:00,-0.17272221546263297
2011-07-25 20:00:00,-0.197259755332802
2011-07-26 20:00:00,-0.1990020859899094
2011-07-27 20:00:00,-0.17056619987077595
2011-07-28 20:00:00,-0.18366838156708518
2011-07-29 20:00:00,-0.17201114133175238
2011-08-01 20:00:00,-0.21311144111685362
2011-08-02 20:00:00,-0.12300653178392322
2011-08-03 20:00:00,-0.08766167178895388
2011-08-04 20:00:00,0.20410339705955752
2011-08-05 20:00:00,0.2216104974521476
2011-08-08 20:00:00,0.5930943379815466
2011-08-09 20:00:00,0.6341597696097564
2011-08-10 20:00:00,0.5480119531772416
2011-08-11 20:00:00,0.5636323816481
2011-08-12 20:00:00,0.5591449105282514
2011-08-15 20:00:00,0.566944294585162
2011-08-16 20:00:00,0.5714541518846168
2011-08-17 20:00:00,0.5705625548317493
2011-08-18 20:00:00,0.5673934173651716
2011-08-19 20:00:00,0.5465143518529866
2011-08-22 20:00:00,0.4745835891912461
2011-08-23 20:00:00,0.4507830082547396
2011-08-24 20:00:00,0.4509812222397282
2011-08-25 20:00:00,0.43868090792532866
2011-08-26 20:00:00,0.43493383739242236
2011-08-29 20:00:00,0.41272405345191954
2011-08-30 20:00:00,0.41341759261401295
2011-08-31 20:00:00,0.4471120510097547
2011-09-01 20:00:00,0.4307353759949656
2011-09-02 20:00:00,0.5036232048646998
2011-09-06 20:00:00,0.5036724165559952
2011-09-07 20:00:00,0.4949114275155225
2011-09-08 20:00:00,0.4857538537113338
2011-09-09 20:00:00,0.4920123243887689
2011-09-12 20:00:00,0.4890311622314849
2011-09-13 20:00:00,0.5114599741042573
2011-09-14 20:00:00,0.5282125263013338
2011-09-15 20:00:00,0.5127056266590678
2011-09-16 20:00:00,0.530001940943798
2011-09-19 20:00:00,0.529292204291065
2011-09-20 20:00:00,0.44695193166541103
2011-09-21 20:00:00,0.4631346898578859
2011-09-22 20:00:00,0.3734904081539944
2011-09-23 20:00:00,0.34113881074922703
2011-09-26 20:00:00,0.4163336782364938
2011-09-27 20:00:00,0.41304031547275616
2011-09-28 20:00:00,0.4221986080681536
2011-09-29 20:00:00,0.38336989857897297
2011-09-30 20:00:00,0.32077183378324875
2011-10-03 20:00:00,0.37220910138853586
2011-10-04 20:00:00,0.4723568276046783
2011-10-05 20:00:00,0.5347470450827899
2011-10-06 20:00:00,0.5367653895983363
2011-10-07 20:00:00,0.5440184726975413
2011-10-10 20:00:00,0.5409107410346152
2011-10-11 20:00:00,0.530675674305625
2011-10-12 20:00:00,0.574753747513626
2011-10-13 20:00:00,0.5649238039779447
2011-10-14 20:00:00,0.54988117508222
2011-10-17 20:00:00,0.5153491365216571
2011-10-18 20:00:00,0.5667305085844749
2011-10-19 20:00:00,0.5572718041552328
2011-10-20 20:00:00,0.5516426230392282
2011-10-21 20:00:00,0.533722407796116
2011-10-24 20:00:00,0.4868660700366022
2011-10-25 20:00:00,0.4702345576699342
2011-10-26 20:00:00,0.4245202706204051
2011-10-27 20:00:00,0.4097658217623637
2011-10-28 20:00:00,0.4011904006029892
2011-10-31 20:00:00,0.35337122828966205
2011-11-01 20:00:00,0.33734905431615536
2011-11-02 20:00:00,0.3084517147575273
2011-11-03 20:00:00,0.34894435263400825
2011-11-04 20:00:00,0.3162456589840435
2011-11-07 21:00:00,0.3108647251051256
2011-11-08 21:00:00,0.2766875103111969
2011-11-09 21:00:00,0.3047117054509553
2011-11-10 21:00:00,0.361521275622625
2011-11-11 21:00:00,0.366238731097613
2011-11-14 21:00:00,0.36220599688180755
2011-11-15 21:00:00,0.35501395354622556
2011-11-16 21:00:00,0.34672104287050526
2011-11-17 21:00:00,0.34410645240240634
2011-11-18 21:00:00,0.35386740217313045
2011-11-21 21:00:00,0.3291370386452442
2011-11-22 21:00:00,0.33971442529213786
2011-11-23 21:00:00,0.33034349763681553
2011-11-25 21:00:00,0.34640622244540764
2011-11-28 21:00:00,0.29492641076459847
2011-11-29 21:00:00,0.31445044489044527
2011-11-30 21:00:00,0.39840534319328696
2011-12-01 21:00:00,0.4036614589608425
2011-12-02 21:00:00,0.39068446454158773
2011-12-05 21:00:00,0.4072658092722644
2011-12-06 21:00:00,0.47042826751928135
2011-12-07 21:00:00,0.4566312088979383
2011-12-08 21:00:00,0.43837029479443507
2011-12-09 21:00:00,0.38454464648373893
2011-12-12 21:00:00,0.3658969251322441
2011-12-13 21:00:00,0.3911578716759333
2011-12-14 21:00:00,0.35857459077856657
2011-12-15 21:00:00,0.36109619570373236
2011-12-16 21:00:00,0.36653334995635256
2011-12-19 21:00:00,0.3676322235916039
2011-12-20 21:00:00,0.3589800693715612
2011-12-21 21:00:00,0.37145430243143046
2011-12-22 21:00:00,0.33685591027392237
2011-12-23 21:00:00,0.3335612290225389
2011-12-27 21:00:00,0.3687693520771763
2011-12-28 21:00:00,0.3633637852973754
2011-12-29 21:00:00,0.3598786421046536
2011-12-30 21:00:00,0.3924413822017386
2012-01-03 21:00:00,0.42420143843959024
2012-01-04 21:00:00,0.38003543840168297
2012-01-05 21:00:00,0.41885202029139973
2012-01-06 21:00:00,0.42715388184023895
2012-01-09 21:00:00,0.4337068161414082
2012-01-10 21:00:00,0.4399353274705289
2012-01-11 21:00:00,0.498584027340321
2012-01-12 21:00:00,0.4883792866223879
2012-01-13 21:00:00,0.11917876290210054
2012-01-17 21:00:00,0.11849611929663631
2012-01-18 21:00:00,0.0722796804703375
2012-01-19 21:00:00,0.07324175184111628
2012-01-20 21:00:00,0.1027377124243397
2012-01-23 21:00:00,0.12403016243998263
2012-01-24 21:00:00,0.13449047001651165
2012-01-25 21:00:00,0.11636326581977213
2012-01-26 21:00:00,0.11991238614893465
2012-01-27 21:00:00,0.07925617714821476
2012-01-30 21:00:00,0.14838556950523193
2012-01-31 21:00:00,0.1494352605672895
2012-02-01 21:00:00,0.16587352368183136
2012-02-02 21:00:00,0.22290385551014055
2012-02-03 21:00:00,0.2772423203759643
2012-02-06 21:00:00,0.3032332148230722
2012-02-07 21:00:00,0.33396285558159894
2012-02-08 21:00:00,0.35446709358350154
2012-02-09 21:00:00,0.3440891773419007
2012-02-10 21:00:00,0.36771587252718035
2012-02-13 21:00:00,0.3502056176846758
2012-02-14 21:00:00,0.3402199080918303
2012-02-15 21:00:00,0.20004649833564536
2012-02-16 21:00:00,0.23960396591663344
2012-02-17 21:00:00,0.25529856130989376
2012-02-21 21:00:00,0.2787846347231192
2012-02-22 21:00:00,0.2804704282589694
2012-02-23 21:00:00,0.2101923134298845
2012-02-24 21:00:00,0.22132438855566142
2012-02-27 21:00:00,0.24682610171425184
2012-02-28 21:00:00,0.26086373519377576
2012-02-29 21:00:00,0.2729467501420064
2012-03-01 21:00:00,0.24530232242872013
2012-03-02 21:00:00,0.27110293814131414
2012-03-05 21:00:00,0.2556785807514889
2012-03-06 21:00:00,0.3565785158047722
2012-03-07 21:00:00,0.37706644962145514
2012-03-08 21:00:00,0.44597130522733003
2012-03-09 21:00:00,0.44475787082364454
2012-03-12 20:00:00,0.5005265535737983
2012-03-13 20:00:00,0.6715077202325636
2012-03-14 20:00:00,0.63439323816336
2012-03-15 20:00:00,0.6271244556230106
2012-03-16 20:00:00,0.6182942106191294
2012-03-19 20:00:00,0.5734757298269163
2012-03-20 20:00:00,0.5456629419765875
2012-03-21 20:00:00,0.5333364533624598
2012-03-22 20:00:00,0.491849979724426
2012-03-23 20:00:00,0.5032430938011775
2012-03-26 20:00:00,0.4980098322281142
2012-03-27 20:00:00,0.5153070903409438
2012-03-28 20:00:00,0.4187652555466953
2012-03-29 20:00:00,0.4238775304368544
2012-03-30 20:00:00,0.4395461284534046
2012-04-02 20:00:00,0.44251128833047554
2012-04-03 20:00:00,0.42498266860001455
2012-04-04 20:00:00,0.4147062318211007
2012-04-05 20:00:00,0.4027977106135923
2012-04-09 20:00:00,0.38394452259253187
2012-04-10 20:00:00,0.38497434729776453
2012-04-11 20:00:00,0.3798983307215201
2012-04-12 20:00:00,0.4299268370628424
2012-04-13 20:00:00,0.49146461473047476
2012-04-16 20:00:00,0.45297462531605337
2012-04-17 20:00:00,0.46393851952671755
2012-04-18 20:00:00,0.4321039945462574
2012-04-19 20:00:00,0.42390002392304105
2012-04-20 20:00:00,0.40618110050577433
2012-04-23 20:00:00,0.4293776832290288
2012-04-24 20:00:00,0.4334609695799955
2012-04-25 20:00:00,0.00973247072907879
2012-04-26 20:00:00,0.08530021629520272
2012-04-27 20:00:00,0.1288234636789509
2012-04-30 20:00:00,0.12057968074525323
2012-05-01 20:00:00,0.1247906406486163
2012-05-02 20:00:00,0.11602761716022938
2012-05-03 20:00:00,0.13362334411961757
2012-05-04 20:00:00,0.15545959473245954
2012-05-07 20:00:00,0.1431980632604989
2012-05-08 20:00:00,0.1653463299075104
2012-05-09 20:00:00,0.1577957901667017
2012-05-10 20:00:00,0.2370865568759086
2012-05-11 20:00:00,0.12594930907000515
2012-05-14 20:00:00,0.0961885616002268
2012-05-15 20:00:00,0.1025154517501244
2012-05-16 20:00:00,0.10003019427756181
2012-05-17 20:00:00,0.06217985882481399
2012-05-18 20:00:00,0.05447288976266834
2012-05-21 20:00:00,0.02920262344772605
2012-05-22 20:00:00,-0.009684585186834186
2012-05-23 20:00:00,0.005535733779461965
2012-05-24 20:00:00,-0.18008867012950056
2012-05-25 20:00:00,-0.11143676161747859
2012-05-29 20:00:00,-0.08505247919757526
2012-05-30 20:00:00,-0.07458675701963546
2012-05-31 20:00:00,-0.0643484655444081
2012-06-01 20:00:00,0.010301904406195718
2012-06-04 20:00:00,0.12658227635681019
2012-06-05 20:00:00,0.0738242392945389
2012-06-06 20:00:00,0.13702560102369804
2012-06-07 20:00:00,0.2837721182777334
2012-06-08 20:00:00,0.2599176819259088
2012-06-11 20:00:00,0.24660642096581528
2012-06-12 20:00:00,0.25320082412174183
2012-06-13 20:00:00,0.244536861347175
2012-06-14 20:00:00,0.25163308493653475
2012-06-15 20:00:00,0.24588433861505446
2012-06-18 20:00:00,0.22892509046067228
2012-06-19 20:00:00,0.22549978446523733
2012-06-20 20:00:00,0.13433862300173713
2012-06-21 20:00:00,0.12723619055381413
2012-06-22 20:00:00,0.15925272163451162
2012-06-25 20:00:00,0.3318799587631981
2012-06-26 20:00:00,0.3863164176678247
2012-06-27 20:00:00,0.2990257050529589
2012-06-28 20:00:00,0.32337494308407766
2012-06-29 20:00:00,0.4495287895250113
2012-07-02 20:00:00,0.4270158954383032
2012-07-03 20:00:00,0.48015081990676794
2012-07-05 20:00:00,0.451898917211601
2012-07-06 20:00:00,0.40921828755009776
2012-07-09 20:00:00,0.4023379817215181
2012-07-10 20:00:00,0.2910816081188539
2012-07-11 20:00:00,0.3078992715229608
2012-07-12 20:00:00,0.3406415641850498
2012-07-13 20:00:00,0.3750369498356022
2012-07-16 20:00:00,0.3600720582372469
2012-07-17 20:00:00,0.2848405609947122
2012-07-18 20:00:00,0.27966190484728565
2012-07-19 20:00:00,0.18649571527990677
2012-07-20 20:00:00,0.20751613105537645
2012-07-23 20:00:00,0.21166671099297407
2012-07-24 20:00:00,0.12173778532131704
2012-07-25 20:00:00,0.09352348857771095
2012-07-26 20:00:00,0.01422064252734732
2012-07-27 20:00:00,0.13325398080444642
2012-07-30 20:00:00,0.16470566473168186
2012-07-31 20:00:00,0.17289622800465348
2012-08-01 20:00:00,0.1551599723766287
2012-08-02 20:00:00,0.1991860084605731
2012-08-03 20:00:00,0.1668024665239307
2012-08-06 20:00:00,0.15140909567561406
2012-08-07 20:00:00,0.11771815309476774
2012-08-08 20:00:00,0.10031328995306375
2012-08-09 20:00:00,0.17958910049558102
2012-08-10 20:00:00,0.17865514645815223
2012-08-13 20:00:00,0.18055011717029912
2012-08-14 20:00:00,0.257764028646131
2012-08-15 20:00:00,0.27656267647275223
2012-08-16 20:00:00,0.29765801884051135
2012-08-17 20:00:00,0.31918484183901763
2012-08-20 20:00:00,0.2923543978028348
2012-08-21 20:00:00,0.4417188932233963
2012-08-22 20:00:00,0.42255813004497
2012-08-23 20:00:00,0.4328667230022544
2012-08-24 20:00:00,0.2835955497893142
2012-08-27 20:00:00,0.2882740849373514
2012-08-28 20:00:00,0.28086067660884023
2012-08-29 20:00:00,0.29905776693923286
2012-08-30 20:00:00,0.3425026342384149
2012-08-31 20:00:00,0.39112526600564534
2012-09-04 20:00:00,0.3787482228163247
2012-09-05 20:00:00,0.27574783095176414
2012-09-06 20:00:00,0.34904046166645714
2012-09-07 20:00:00,0.3431497723728033
2012-09-10 20:00:00,0.20914547699268082
2012-09-11 20:00:00,0.19097083527950673
2012-09-12 20:00:00,0.216932720067849
2012-09-13 20:00:00,0.2510311520140523
2012-09-14 20:00:00,0.2413969668330991
2012-09-17 20:00:00,0.26036420546181815
2012-09-18 20:00:00,0.23922206950198138
2012-09-19 20:00:00,0.24329937364889842
2012-09-20 20:00:00,0.23410301042393375
2012-09-21 20:00:00,0.2191048866643807
2012-09-24 20:00:00,0.22702465480505118
2012-09-25 20:00:00,0.45048438213505065
2012-09-26 20:00:00,0.44208632370764467
2012-09-27 20:00:00,0.3739825143786426
2012-09-28 20:00:00,0.35301544129500406
2012-10-01 20:00:00,0.3495271726340408
2012-10-02 20:00:00,0.3899092019442025
2012-10-03 20:00:00,0.3955299711364942
2012-10-04 20:00:00,0.4171866577309879
2012-10-05 20:00:00,0.411323685786262
2012-10-08 20:00:00,0.42661420467788463
2012-10-09 20:00:00,0.4394562998391289
2012-10-10 20:00:00,0.4125692985312381
2012-10-11 20:00:00,0.40328123794522186
2012-10-12 20:00:00,0.40009238451936924
2012-10-15 20:00:00,0.23616681752261
2012-10-16 20:00:00,0.2832599043495785
2012-10-17 20:00:00,0.3552444893240421
2012-10-18 20:00:00,0.3035844867352451
2012-10-19 20:00:00,0.2685965651254447
2012-10-22 20:00:00,0.26771455504331576
2012-10-23 20:00:00,0.2550804365718946
2012-10-24 20:00:00,0.24898110731538822
2012-10-25 20:00:00,0.22893607383006145
2012-10-26 20:00:00,0.22283658684439916
2012-10-31 20:00:00,0.18827552319683719
2012-11-01 20:00:00,0.2731242879534781
2012-11-02 20:00:00,0.2617364618242696
2012-11-05 21:00:00,0.2521973289380558
2012-11-06 21:00:00,0.25487391891809635
2012-11-07 21:00:00,0.4012875476714531
2012-11-08 21:00:00,0.3354825110582192
2012-11-09 21:00:00,0.32092624280324633
2012-11-12 21:00:00,0.3440398521969785
2012-11-13 21:00:00,0.3098686026030079
2012-11-14 21:00:00,0.338896715978615
2012-11-15 21:00:00,0.3287865578134419
2012-11-16 21:00:00,0.31850644605640815
2012-11-19 21:00:00,0.31223529164369807
2012-11-20 21:00:00,0.33751560561037197
2012-11-21 21:00:00,0.3459792710511154
2012-11-23 21:00:00,0.33446651968888297
2012-11-26 21:00:00,0.3736782127734497
2012-11-27 21:00:00,0.3578879103073083
2012-11-28 21:00:00,0.37673268671550436
2012-11-29 21:00:00,0.5029187597142719
2012-11-30 21:00:00,0.4977331539867778
2012-12-03 21:00:00,0.4853389307097135
2012-12-04 21:00:00,0.45961588890565486
2012-12-05 21:00:00,0.4713151038107349
2012-12-06 21:00:00,0.4767658347952488
2012-12-07 21:00:00,0.47202849353414317
2012-12-10 21:00:00,0.48149583799864565
2012-12-11 21:00:00,0.4796010766694874
2012-12-12 21:00:00,0.4819442635293105
2012-12-13 21:00:00,0.5402088242111126
2012-12-14 21:00:00,0.5364877319855729
2012-12-17 21:00:00,0.46720741556473955
2012-12-18 21:00:00,0.4432609289679102
2012-12-19 21:00:00,0.44508784010093616
2012-12-20 21:00:00,0.0772057871907014
2012-12-21 21:00:00,0.033277218736728835
2012-12-24 21:00:00,0.04134709252367864
2012-12-26 21:00:00,0.06399999052925293
2012-12-27 21:00:00,0.12964093828377604
2012-12-28 21:00:00,-0.021089893035170115
2012-12-31 21:00:00,0.12034640718707758
2013-01-02 21:00:00,0.319373237491923
2013-01-03 21:00:00,0.28415534631623435
2013-01-04 21:00:00,0.23735742738067833
2013-01-07 21:00:00,0.24074848120103876
2013-01-08 21:00:00,0.2408350999783803
2013-01-09 21:00:00,0.2311343812058891
2013-01-10 21:00:00,0.2520729749070311
2013-01-11 21:00:00,0.24928632339933463
2013-01-14 21:00:00,0.2508633592369676
2013-01-15 21:00:00,0.24019644077464333
2013-01-16 21:00:00,0.1259266230621791
2013-01-17 21:00:00,0.15031683061300297
2013-01-18 21:00:00,0.261009918983857
2013-01-22 21:00:00,0.2571938366233042
2013-01-23 21:00:00,0.2926057976249124
2013-01-24 21:00:00,0.2796204472145159
2013-01-25 21:00:00,0.2663046017272303
2013-01-28 21:00:00,0.21073588307633415
2013-01-29 21:00:00,0.1797149431956278
2013-01-30 21:00:00,0.17734071462366013
2013-01-31 21:00:00,0.2473222306490447
2013-02-01 21:00:00,0.2870145913501487
2013-02-04 21:00:00,0.29149462694477307
2013-02-05 21:00:00,0.27775586872801183
2013-02-06 21:00:00,0.2895434938120967
2013-02-07 21:00:00,0.2937186264242245
2013-02-08 21:00:00,0.27909105325042577
2013-02-11 21:00:00,0.27389750603844715
2013-02-12 21:00:00,0.28747825279465283
2013-02-13 21:00:00,0.2575569603925069
2013-02-14 21:00:00,0.06022070131263172
2013-02-15 21:00:00,0.11190827841378308
2013-02-19 21:00:00,0.034749004961367604
2013-02-20 21:00:00,0.14097478619314183
2013-02-21 21:00:00,0.14596795215879138
2013-02-22 21:00:00,0.11887729296734724
2013-02-25 21:00:00,0.36840976570236106
2013-02-26 21:00:00,0.3699986676144667
2013-02-27 21:00:00,0.3875721935767669
2013-02-28 21:00:00,0.41073776828054914
2013-03-01 21:00:00,0.5719166608543544
2013-03-04 21:00:00,0.5288249900046592
2013-03-05 21:00:00,0.4856260954716987
2013-03-06 21:00:00,0.4902303356865659
2013-03-07 21:00:00,0.49868429904357653
2013-03-08 21:00:00,0.5016554743957216
2013-03-11 20:00:00,0.523971877325112
2013-03-12 20:00:00,0.5979297861802387
2013-03-13 20:00:00,0.6057170221410115
2013-03-14 20:00:00,0.6044772698696059
2013-03-15 20:00:00,0.5983039835040129
2013-03-18 20:00:00,0.5803287643723304
2013-03-19 20:00:00,0.5677485131695534
2013-03-20 20:00:00,0.5382745558026786
2013-03-21 20:00:00,0.43297101826876805
2013-03-22 20:00:00,0.4437899958395017
2013-03-25 20:00:00,0.4565393509959216
2013-03-26 20:00:00,0.44838211259993976
2013-03-27 20:00:00,0.42875676454198425
2013-03-28 20:00:00,0.4297354806842795
2013-04-01 20:00:00,0.42148136007773535
2013-04-02 20:00:00,0.4152344019568505
2013-04-03 20:00:00,0.46347682337250995
2013-04-04 20:00:00,0.4357590414247888
2013-04-05 20:00:00,0.43319250300868695
2013-04-08 20:00:00,0.49663242202585905
2013-04-09 20:00:00,0.24668648978376334
2013-04-10 20:00:00,0.18283633031907834
2013-04-11 20:00:00,0.04480026049285782
2013-04-12 20:00:00,0.06280364827721853
2013-04-15 20:00:00,0.18132425363900892
2013-04-16 20:00:00,0.12564212204307287
2013-04-17 20:00:00,0.09768160138669917
2013-04-18 20:00:00,0.0963589380291537
2013-04-19 20:00:00,0.14093839269086592
2013-04-22 20:00:00,0.0927128818144522
2013-04-23 20:00:00,0.13185337722076332
2013-04-24 20:00:00,0.14349963481657366
2013-04-25 20:00:00,0.1270110209725322
2013-04-26 20:00:00,0.14500532450134831
2013-04-29 20:00:00,0.14911677322874084
2013-04-30 20:00:00,0.1508671422910788
2013-05-01 20:00:00,0.21808761917721545
2013-05-02 20:00:00,0.2887971820350073
2013-05-03 20:00:00,0.37259592340664743
2013-05-06 20:00:00,0.3371084724670888
2013-05-07 20:00:00,0.26644296231268627
2013-05-08 20:00:00,0.2915149122802292
2013-05-09 20:00:00,0.32143164541637853
2013-05-10 20:00:00,0.3115709755344863
2013-05-13 20:00:00,0.32695232354425197
2013-05-14 20:00:00,0.24386101369794114
2013-05-15 20:00:00,0.23603330785224325
2013-05-16 20:00:00,0.22291916967271252
2013-05-17 20:00:00,0.25937379088745455
2013-05-20 20:00:00,0.25676190582825903
2013-05-21 20:00:00,0.25322558704444936
2013-05-22 20:00:00,0.2706944559952356
2013-05-23 20:00:00,0.28035572441117185
2013-05-24 20:00:00,0.26532532534627373
2013-05-28 20:00:00,0.2264365079091979
2013-05-29 20:00:00,0.2745911189956666
2013-05-30 20:00:00,0.28714277125744375
2013-05-31 20:00:00,0.300908508517604
2013-06-03 20:00:00,0.29043495494794613
2013-06-04 20:00:00,0.3427524259067744
2013-06-05 20:00:00,0.336490832354488
2013-06-06 20:00:00,0.300083315435305
2013-06-07 20:00:00,0.22990911493641122
2013-06-10 20:00:00,0.21427054564348091
2013-06-11 20:00:00,0.18557546105262204
2013-06-12 20:00:00,0.18244932045241136
2013-06-13 20:00:00,0.21735602858052724
2013-06-14 20:00:00,0.23307174872748765
2013-06-17 20:00:00,0.3395478399780629
2013-06-18 20:00:00,0.3414156651617876
2013-06-19 20:00:00,0.44825226603733476
2013-06-20 20:00:00,0.4016575729755661
2013-06-21 20:00:00,0.4036947474676509
2013-06-24 20:00:00,0.4137061298482517
2013-06-25 20:00:00,0.4181823132476224
2013-06-26 20:00:00,0.4887276246577753
2013-06-27 20:00:00,0.5005104685339307
2013-06-28 20:00:00,0.4960818391486419
2013-07-01 20:00:00,0.4755198892485113
2013-07-02 20:00:00,0.48159232561163307
2013-07-03 20:00:00,0.49458716881862214
2013-07-05 20:00:00,0.518406165889299
2013-07-08 20:00:00,0.4887722291542118
2013-07-09 20:00:00,0.5369253543023935
2013-07-10 20:00:00,0.5546894197766761
2013-07-11 20:00:00,0.55083047727913
2013-07-12 20:00:00,0.5516907922956039
2013-07-15 20:00:00,0.5220664218045242
2013-07-16 20:00:00,0.4588829288688891
2013-07-17 20:00:00,0.4496115036407741
2013-07-18 20:00:00,0.42379223573273417
2013-07-19 20:00:00,0.48210290330189237
2013-07-22 20:00:00,0.5747409261588584
2013-07-23 20:00:00,0.5638052040462633
2013-07-24 20:00:00,0.5116474049021419
2013-07-25 20:00:00,0.4786118822134479
2013-07-26 20:00:00,0.4115887277980422
2013-07-29 20:00:00,0.3782956878030121
2013-07-30 20:00:00,0.38192230133927485
2013-07-31 20:00:00,0.37527075325683185
2013-08-01 20:00:00,0.45101514384472485
2013-08-02 20:00:00,0.49383191180740216
2013-08-05 20:00:00,0.4854932811949135
2013-08-06 20:00:00,0.5014439183277176
2013-08-07 20:00:00,0.4978013754799847
2013-08-08 20:00:00,0.4780090370973059
2013-08-09 20:00:00,0.4670897221998231
2013-08-12 20:00:00,0.3698634666444503
2013-08-13 20:00:00,0.32901331307658815
2013-08-14 20:00:00,0.3108823327477493
2013-08-15 20:00:00,0.2640380383433167
2013-08-16 20:00:00,0.23394778777763753
2013-08-19 20:00:00,0.2468257353587161
2013-08-20 20:00:00,0.05789987316781304
2013-08-21 20:00:00,0.05384200807871136
2013-08-22 20:00:00,0.07290481508655026
2013-08-23 20:00:00,0.08922466952837976
2013-08-26 20:00:00,0.16645028644961915
2013-08-27 20:00:00,0.25665306769876894
2013-08-28 20:00:00,0.2691786111071093
2013-08-29 20:00:00,0.2976362995513136
2013-08-30 20:00:00,0.2861533220369128
2013-09-03 20:00:00,0.21945918396680394
2013-09-04 20:00:00,0.21106582233014362
2013-09-05 20:00:00,0.2527672098840585
2013-09-06 20:00:00,0.313445298403652
2013-09-09 20:00:00,0.295958385430751
2013-09-10 20:00:00,0.2824457766885611
2013-09-11 20:00:00,0.2827880038196387
2013-09-12 20:00:00,0.2751437989752775
2013-09-13 20:00:00,0.1962163959601778
2013-09-16 20:00:00,0.18192152722561897
2013-09-17 20:00:00,0.20758289318429676
2013-09-18 20:00:00,0.114774323263463
2013-09-19 20:00:00,0.14065858236311354
2013-09-20 20:00:00,0.17218718628498067
2013-09-23 20:00:00,0.12987089763713713
2013-09-24 20:00:00,0.2273137874883872
2013-09-25 20:00:00,0.22915297204926247
2013-09-26 20:00:00,0.2690169170988284
2013-09-27 20:00:00,0.29001547107981646
2013-09-30 20:00:00,0.3133791197589524
2013-10-01 20:00:00,0.3127240126772048
2013-10-02 20:00:00,0.34727104617382243
2013-10-03 20:00:00,0.33906455741911334
2013-10-04 20:00:00,0.3210749066059239
2013-10-07 20:00:00,0.32141601410676535
2013-10-08 20:00:00,0.3006549317309613
2013-10-09 20:00:00,0.2838310506357348
2013-10-10 20:00:00,0.30573467297725837
2013-10-11 20:00:00,0.3031863343278526
2013-10-14 20:00:00,0.29889528520061415
2013-10-15 20:00:00,0.3573274192186709
2013-10-16 20:00:00,0.3355635017654466
2013-10-17 20:00:00,0.33050306993912043
2013-10-18 20:00:00,0.24546129119296548
2013-10-21 20:00:00,0.27059499455791464
2013-10-22 20:00:00,0.2521608072880631
2013-10-23 20:00:00,0.09852089242631082
2013-10-24 20:00:00,0.09711115259633518
2013-10-25 20:00:00,0.08721511664116056
2013-10-28 20:00:00,0.09738119123557801
2013-10-29 20:00:00,0.0900547709321161
2013-10-30 20:00:00,0.09616853295741654
2013-10-31 20:00:00,0.08295238928969918
2013-11-01 20:00:00,0.06683747778838411
2013-11-04 21:00:00,0.10561571013714191
2013-11-05 21:00:00,0.12413338952232564
2013-11-06 21:00:00,0.13401436719698892
2013-11-07 21:00:00,0.1097612027970871
2013-11-08 21:00:00,0.10946128769401935
2013-11-11 21:00:00,0.11757434714321156
2013-11-12 21:00:00,0.11468322156839122
2013-11-13 21:00:00,0.11035682884142309
2013-11-14 21:00:00,0.1156906657730789
2013-11-15 21:00:00,0.11307940389082172
2013-11-18 21:00:00,0.13230718613838843
2013-11-19 21:00:00,0.13779273675194958
2013-11-20 21:00:00,0.12953267421340472
2013-11-21 21:00:00,0.10485719942770753
2013-11-22 21:00:00,0.1127123362136413
2013-11-25 21:00:00,0.11029381585715999
2013-11-26 21:00:00,0.09557367834117529
2013-11-27 21:00:00,0.13129942390299326
2013-11-29 21:00:00,0.1596788828324587
2013-12-02 21:00:00,0.18587877833467656
2013-12-03 21:00:00,0.18223143945989648
2013-12-04 21:00:00,0.18254714209139758
2013-12-05 21:00:00,0.13269913392205085
2013-12-06 21:00:00,0.11772155351447539
2013-12-09 21:00:00,0.14734653286327237
2013-12-10 21:00:00,0.13497828579412213
2013-12-11 21:00:00,0.18295052488483018
2013-12-12 21:00:00,0.19832841251829247
2013-12-13 21:00:00,0.20679441871694146
2013-12-16 21:00:00,0.21029293081496284
2013-12-17 21:00:00,0.21460096960531183
2013-12-18 21:00:00,0.28480660919491324
2013-12-19 21:00:00,0.2813624898310619
2013-12-20 21:00:00,0.21731112766101157
2013-12-23 21:00:00,0.17641549260040376
2013-12-24 21:00:00,0.11638935698641188
2013-12-26 21:00:00,0.1548584071882626
2013-12-27 21:00:00,0.1547456871776947
2013-12-30 21:00:00,0.17415944042812345
2013-12-31 21:00:00,0.14886199481278858
