2010-02-16 21:00:00,0.656351490636002
2010-02-17 21:00:00,0.7327940291257401
2010-02-18 21:00:00,0.8230725584559304
2010-02-19 21:00:00,0.7590405627654981
2010-02-22 21:00:00,0.9504860305686695
2010-02-23 21:00:00,0.8962790505770466
2010-02-24 21:00:00,0.7276434515633778
2010-02-25 21:00:00,0.7673089313369412
2010-02-26 21:00:00,0.78933150948976
2010-03-01 21:00:00,0.6386689881109971
2010-03-02 21:00:00,0.7049916417185484
2010-03-03 21:00:00,0.6489206755038482
2010-03-04 21:00:00,0.1283478803005815
2010-03-05 21:00:00,-0.3736714172923005
2010-03-08 21:00:00,-1.6155801929156812
2010-03-09 21:00:00,-1.5340416587207795
2010-03-10 21:00:00,-1.5681997483615369
2010-03-11 21:00:00,-1.1505034141977233
2010-03-12 21:00:00,-1.2924674247425307
2010-03-15 20:00:00,-1.165737340831926
2010-03-16 20:00:00,-1.1323895779978796
2010-03-17 20:00:00,-1.0673746854913928
2010-03-18 20:00:00,-1.2387790689538443
2010-03-19 20:00:00,-1.7008026875863536
2010-03-22 20:00:00,-1.8070539109195416
2010-03-23 20:00:00,-2.0800646349010985
2010-03-24 20:00:00,-1.9646680159798064
2010-03-25 20:00:00,-1.8326332376225907
2010-03-26 20:00:00,-2.157472609884609
2010-03-29 20:00:00,-2.4191791186473472
2010-03-30 20:00:00,-2.4695873017263517
2010-03-31 20:00:00,-2.4307194230116798
2010-04-01 20:00:00,-2.569524387883506
2010-04-05 20:00:00,-2.3537443071181183
2010-04-06 20:00:00,-2.391058532264578
2010-04-07 20:00:00,-2.093869647118969
2010-04-08 20:00:00,-2.289777381436763
2010-04-09 20:00:00,-2.363931357937284
2010-04-12 20:00:00,-2.402255550972922
2010-04-13 20:00:00,-2.5709835722808347
2010-04-14 20:00:00,-2.5270145437406994
2010-04-15 20:00:00,-2.675758317469729
2010-04-16 20:00:00,-1.0835264962931928
2010-04-19 20:00:00,-1.137567569453311
2010-04-20 20:00:00,-1.154189678192651
2010-04-21 20:00:00,-1.1405788760453495
2010-04-22 20:00:00,-1.1292436306107372
2010-04-23 20:00:00,-1.1813143652354388
2010-04-26 20:00:00,-0.6820270649328325
2010-04-27 20:00:00,-1.0648302749275698
2010-04-28 20:00:00,-1.0652993112147993
2010-04-29 20:00:00,-1.0511153847723813
2010-04-30 20:00:00,0.19393317016983683
2010-05-03 20:00:00,0.2527906087496506
2010-05-04 20:00:00,0.026800671172593826
2010-05-05 20:00:00,0.4007699068049279
2010-05-06 20:00:00,0.3910594421380708
2010-05-07 20:00:00,0.2763106469231458
2010-05-10 20:00:00,-0.23939551664887537
2010-05-11 20:00:00,-0.1713817129996593
2010-05-12 20:00:00,-0.14917860220385587
2010-05-13 20:00:00,-0.12140476931577178
2010-05-14 20:00:00,-0.14342187193963757
2010-05-17 20:00:00,-0.08382159708373135
2010-05-18 20:00:00,-0.1746771768318623
2010-05-19 20:00:00,-0.17215169593969176
2010-05-20 20:00:00,-0.19382000796169632
2010-05-21 20:00:00,-0.23265673844377335
2010-05-24 20:00:00,-0.1958025552083449
2010-05-25 20:00:00,-0.41516823656959834
2010-05-26 20:00:00,-0.3658152059555261
2010-05-27 20:00:00,-0.34955963454849454
2010-05-28 20:00:00,0.4647164180865661
2010-06-01 20:00:00,0.48051491052714035
2010-06-02 20:00:00,0.5290202570464552
2010-06-03 20:00:00,0.5303411534542881
2010-06-04 20:00:00,0.11400534496216828
2010-06-07 20:00:00,0.08217226248561518
2010-06-08 20:00:00,0.05922625331104839
2010-06-09 20:00:00,0.3406435082774599
2010-06-10 20:00:00,0.4180414809821067
2010-06-11 20:00:00,0.43775459494487984
2010-06-14 20:00:00,-0.40741225747559373
2010-06-15 20:00:00,-0.5907299891894301
2010-06-16 20:00:00,-0.3800705835182533
2010-06-17 20:00:00,-0.3803020311653206
2010-06-18 20:00:00,-0.3493352391902048
2010-06-21 20:00:00,-0.1961129171126397
2010-06-22 20:00:00,0.2479233414869992
2010-06-23 20:00:00,0.1605836499093379
2010-06-24 20:00:00,-0.11383393896679395
2010-06-25 20:00:00,-0.12146117619872629
2010-06-28 20:00:00,-0.1787144541189903
2010-06-29 20:00:00,-0.5911261911762778
2010-06-30 20:00:00,-0.352440057430065
2010-07-01 20:00:00,-0.3865616397599499
2010-07-02 20:00:00,-0.7496944122835162
2010-07-06 20:00:00,-0.6266616615781733
2010-07-07 20:00:00,-0.39412972704239824
2010-07-08 20:00:00,0.4175059453127396
2010-07-09 20:00:00,0.4836300079443157
2010-07-12 20:00:00,0.4520021717140297
2010-07-13 20:00:00,0.49528250820668684
2010-07-14 20:00:00,0.4839554660548607
2010-07-15 20:00:00,0.13498821121713125
2010-07-16 20:00:00,-0.39292681328694595
2010-07-19 20:00:00,0.2182935596924055
2010-07-20 20:00:00,0.380833134407868
2010-07-21 20:00:00,0.38621999745332203
2010-07-22 20:00:00,0.48885278968691986
2010-07-23 20:00:00,0.10839810877205307
2010-07-26 20:00:00,0.35030696199583616
2010-07-27 20:00:00,1.0066767980852271
2010-07-28 20:00:00,0.9390043601889725
2010-07-29 20:00:00,0.573465276858861
2010-07-30 20:00:00,0.4713701587397834
2010-08-02 20:00:00,0.5663536548118105
2010-08-03 20:00:00,0.4571503109209319
2010-08-04 20:00:00,0.3896344204042538
2010-08-05 20:00:00,0.36154168443798684
2010-08-06 20:00:00,0.42247241651534706
2010-08-09 20:00:00,0.4162074941598987
2010-08-10 20:00:00,0.851536709696651
2010-08-11 20:00:00,1.363760883618043
2010-08-12 20:00:00,1.3821489548806658
2010-08-13 20:00:00,1.3550556049796834
2010-08-16 20:00:00,1.3456186919854676
2010-08-17 20:00:00,1.252680781859678
2010-08-18 20:00:00,0.7958679932682596
2010-08-19 20:00:00,0.6905232490432133
2010-08-20 20:00:00,0.2017479306948094
2010-08-23 20:00:00,-0.10567497835724166
2010-08-24 20:00:00,0.10205925825878968
2010-08-25 20:00:00,0.15086606416369866
2010-08-26 20:00:00,0.35350212077221377
2010-08-27 20:00:00,1.099222597253904
2010-08-30 20:00:00,1.15169223263858
2010-08-31 20:00:00,0.728787522256981
2010-09-01 20:00:00,0.5454904091076986
2010-09-02 20:00:00,0.6796562632125397
2010-09-03 20:00:00,0.6202488065310516
2010-09-07 20:00:00,0.5911714197209089
2010-09-08 20:00:00,0.5953021810442652
2010-09-09 20:00:00,0.4533360617280103
2010-09-10 20:00:00,0.6988982336199473
2010-09-13 20:00:00,0.5544330552303234
2010-09-14 20:00:00,0.4522140079359194
2010-09-15 20:00:00,0.6121693707097675
2010-09-16 20:00:00,0.6127319736369997
2010-09-17 20:00:00,0.4411337899254591
2010-09-20 20:00:00,0.3061632889901119
2010-09-21 20:00:00,0.23315927277404017
2010-09-22 20:00:00,0.3948098373336264
2010-09-23 20:00:00,0.3169485598838649
2010-09-24 20:00:00,-0.04309531493633997
2010-09-27 20:00:00,0.03370871111098288
2010-09-28 20:00:00,-0.02765888236508857
2010-09-29 20:00:00,0.10073897941446318
2010-09-30 20:00:00,-0.15919161827100095
2010-10-01 20:00:00,-0.128048735194102
2010-10-04 20:00:00,0.07073239224840126
2010-10-05 20:00:00,0.21245140222321027
2010-10-06 20:00:00,0.09773263554379626
2010-10-07 20:00:00,0.15137745927712767
2010-10-08 20:00:00,-0.026331914674535505
2010-10-11 20:00:00,0.15214564082558873
2010-10-12 20:00:00,-0.17628327755116574
2010-10-13 20:00:00,-0.24524834100138823
2010-10-14 20:00:00,-0.03210094647939166
2010-10-15 20:00:00,-0.003759144574584345
2010-10-18 20:00:00,-0.5455563406174823
2010-10-19 20:00:00,-0.7954370474721538
2010-10-20 20:00:00,-0.8036827505921624
2010-10-21 20:00:00,-0.8766898716683453
2010-10-22 20:00:00,-0.7471060978306805
2010-10-25 20:00:00,-0.6054144506313881
2010-10-26 20:00:00,-0.7368186273744575
2010-10-27 20:00:00,-1.0660260614727295
2010-10-28 20:00:00,-1.1018597857487278
2010-10-29 20:00:00,-0.8918207490999239
2010-11-01 20:00:00,-0.6861218685316466
2010-11-02 20:00:00,-0.451618861627566
2010-11-03 20:00:00,-1.493390180579505
2010-11-04 20:00:00,-1.5559446848182708
2010-11-05 20:00:00,-0.3843626212445022
2010-11-08 21:00:00,-0.31720055021200755
2010-11-09 21:00:00,-0.19488256907448778
2010-11-10 21:00:00,-0.02091326829453404
2010-11-11 21:00:00,0.4211756191385132
2010-11-12 21:00:00,0.39728654800508206
2010-11-15 21:00:00,0.4251452573577631
2010-11-16 21:00:00,0.45306538235222427
2010-11-17 21:00:00,0.3591416436061258
2010-11-18 21:00:00,0.2480097565376285
2010-11-19 21:00:00,0.37996996161623814
2010-11-22 21:00:00,-0.1985626425856546
2010-11-23 21:00:00,0.10753983000747894
2010-11-24 21:00:00,0.246309837604875
2010-11-26 21:00:00,0.27408754316544104
2010-11-29 21:00:00,0.017881126899546497
2010-11-30 21:00:00,0.08476096558037084
2010-12-01 21:00:00,0.21772777224576853
2010-12-02 21:00:00,0.07098269755254977
2010-12-03 21:00:00,0.0938830996453681
2010-12-06 21:00:00,-0.025543841813805167
2010-12-07 21:00:00,-0.0923105752117748
2010-12-08 21:00:00,-0.8385944453764645
2010-12-09 21:00:00,-0.5380437378483007
2010-12-10 21:00:00,-0.4490347519300295
2010-12-13 21:00:00,-0.3969388519846149
2010-12-14 21:00:00,-0.41911001499700806
2010-12-15 21:00:00,-0.6142194079089961
2010-12-16 21:00:00,-0.8521079613159587
2010-12-17 21:00:00,-0.41467754563529585
2010-12-20 21:00:00,-0.8581377682030755
2010-12-21 21:00:00,-1.0421980322165276
2010-12-22 21:00:00,-1.0948075528681096
2010-12-23 21:00:00,-1.34340392324589
2010-12-27 21:00:00,-1.5255113403521476
2010-12-28 21:00:00,-1.3931316289888553
2010-12-29 21:00:00,-1.5005301502125412
2010-12-30 21:00:00,-1.4703667518632006
2010-12-31 21:00:00,-1.4320912869952915
2011-01-03 21:00:00,-1.3225197614138404
2011-01-04 21:00:00,-1.168597429914646
2011-01-05 21:00:00,-0.6078877214692491
2011-01-06 21:00:00,-0.4975928843451691
2011-01-07 21:00:00,-0.8507467350148454
2011-01-10 21:00:00,-0.6592636865412852
2011-01-11 21:00:00,-0.5612516039421539
2011-01-12 21:00:00,-0.802258739498774
2011-01-13 21:00:00,-0.42017351285101284
2011-01-14 21:00:00,-0.4888114895904278
2011-01-18 21:00:00,-1.0928693521069257
2011-01-19 21:00:00,-0.41001343661817014
2011-01-20 21:00:00,-0.6079620453950626
2011-01-21 21:00:00,-0.13004421144307696
2011-01-24 21:00:00,-0.24721059573093124
2011-01-25 21:00:00,-0.619112224168405
2011-01-26 21:00:00,-0.7090715648765719
2011-01-27 21:00:00,-0.71490354302061
2011-01-28 21:00:00,-0.5975493441808701
2011-01-31 21:00:00,-0.5491315974806679
2011-02-01 21:00:00,-0.6091620862321908
2011-02-02 21:00:00,-0.6644273152192541
2011-02-03 21:00:00,-0.664185711683233
2011-02-04 21:00:00,-0.678960489383244
2011-02-07 21:00:00,-0.672754005594306
2011-02-08 21:00:00,-0.6398502148819155
2011-02-09 21:00:00,-0.7514924039963499
2011-02-10 21:00:00,-0.8874949868653497
2011-02-11 21:00:00,-0.9457552588836656
2011-02-14 21:00:00,-0.9547944687882794
2011-02-15 21:00:00,-0.761289405189194
2011-02-16 21:00:00,-0.825574341249713
2011-02-17 21:00:00,-1.0902596945273297
2011-02-18 21:00:00,-1.4660744490187798
2011-02-22 21:00:00,-0.13248321857497034
2011-02-23 21:00:00,-0.4851038033339076
2011-02-24 21:00:00,-0.4178201225954965
2011-02-25 21:00:00,-0.36429196272388276
2011-02-28 21:00:00,-0.384536829837643
2011-03-01 21:00:00,-0.12632072153894575
2011-03-02 21:00:00,0.15255117867730394
2011-03-03 21:00:00,0.7482368613462645
2011-03-04 21:00:00,0.7544719490032499
2011-03-07 21:00:00,0.7669649695028639
2011-03-08 21:00:00,1.0107831086173191
2011-03-09 21:00:00,1.6166857492700168
2011-03-10 21:00:00,1.2223274653642622
2011-03-11 21:00:00,1.3091782410905826
2011-03-14 20:00:00,1.0084091668944177
2011-03-15 20:00:00,0.9693592713750695
2011-03-16 20:00:00,0.6174197459670957
2011-03-17 20:00:00,0.42740038001437713
2011-03-18 20:00:00,0.3069754298356483
2011-03-21 20:00:00,0.14876126413317659
2011-03-22 20:00:00,0.3036587535111155
2011-03-23 20:00:00,0.32663813092532373
2011-03-24 20:00:00,0.5011638765552614
2011-03-25 20:00:00,0.5299336925483233
2011-03-28 20:00:00,0.5843425212078048
2011-03-29 20:00:00,0.6465892178277493
2011-03-30 20:00:00,0.6353248420161646
2011-03-31 20:00:00,0.5591635894314632
2011-04-01 20:00:00,0.7146610200951776
2011-04-04 20:00:00,0.6861143983359037
2011-04-05 20:00:00,-0.5944243309980736
2011-04-06 20:00:00,-0.3945841720714465
2011-04-07 20:00:00,-0.6157560146142801
2011-04-08 20:00:00,-0.7820142837373429
2011-04-11 20:00:00,-0.6153966908719994
2011-04-12 20:00:00,-1.0091741576648798
2011-04-13 20:00:00,-1.0710756721686014
2011-04-14 20:00:00,-1.8164751647888808
2011-04-15 20:00:00,-1.6672601791006136
2011-04-18 20:00:00,-1.6823735772896253
2011-04-19 20:00:00,-2.4229138891505877
2011-04-20 20:00:00,-2.3366526836981008
2011-04-21 20:00:00,-1.890993135991516
2011-04-25 20:00:00,-1.7609644677686436
2011-04-26 20:00:00,-2.128194424694891
2011-04-27 20:00:00,-1.9978151668921316
2011-04-28 20:00:00,-1.5602356988111492
2011-04-29 20:00:00,-1.6565979324277875
2011-05-02 20:00:00,-1.6718486351047224
2011-05-03 20:00:00,-1.4028149914399035
2011-05-04 20:00:00,-1.623307833898357
2011-05-05 20:00:00,-1.8253237202551469
2011-05-06 20:00:00,-1.9258962397856683
2011-05-09 20:00:00,-1.7923883119563548
2011-05-10 20:00:00,-1.6558025999571764
2011-05-11 20:00:00,-1.5266255658812
2011-05-12 20:00:00,-2.08177562042967
2011-05-13 20:00:00,-2.0482520733539245
2011-05-16 20:00:00,-2.1155070831964813
2011-05-17 20:00:00,-2.089226365292466
2011-05-18 20:00:00,-2.3077221539505985
2011-05-19 20:00:00,-2.3548980263428834
2011-05-20 20:00:00,-2.7663110745973483
2011-05-23 20:00:00,-2.694761922425404
2011-05-24 20:00:00,-2.7209842646848945
2011-05-25 20:00:00,-2.8667075720130044
2011-05-26 20:00:00,-2.812055927234544
2011-05-27 20:00:00,-2.4429362865704634
2011-05-31 20:00:00,-2.684656465950809
2011-06-01 20:00:00,-0.40537340298811536
2011-06-02 20:00:00,-0.42844410572274905
2011-06-03 20:00:00,-0.5434345359356034
2011-06-06 20:00:00,-0.6580962842843705
2011-06-07 20:00:00,-0.7437602650380091
2011-06-08 20:00:00,-0.5714071515785925
2011-06-09 20:00:00,-0.5955128590866487
2011-06-10 20:00:00,-0.4968974276593868
2011-06-13 20:00:00,-0.2910816066634996
2011-06-14 20:00:00,-0.31069892233060925
2011-06-15 20:00:00,-0.30702667064497813
2011-06-16 20:00:00,-0.2589584401724937
2011-06-17 20:00:00,-0.14682600256162656
2011-06-20 20:00:00,-0.05603244117913948
2011-06-21 20:00:00,-0.3238721836525758
2011-06-22 20:00:00,-0.48008634903921815
2011-06-23 20:00:00,-0.674116725745899
2011-06-24 20:00:00,-0.24932738737004756
2011-06-27 20:00:00,-0.21522618584805972
2011-06-28 20:00:00,-0.16291459883006393
2011-06-29 20:00:00,-0.07555257524908875
2011-06-30 20:00:00,-0.10016994792977944
2011-07-01 20:00:00,0.07284758034954113
2011-07-05 20:00:00,0.39135438267784245
2011-07-06 20:00:00,0.20269197185503804
2011-07-07 20:00:00,0.18050598802293039
2011-07-08 20:00:00,0.5187720427207544
2011-07-11 20:00:00,0.5671559896295139
2011-07-12 20:00:00,0.5301818613425398
2011-07-13 20:00:00,0.32089675006852886
2011-07-14 20:00:00,-1.4154733222593792
2011-07-15 20:00:00,-1.4755462690823948
2011-07-18 20:00:00,-0.9920641511650213
2011-07-19 20:00:00,-1.1918167535553552
2011-07-20 20:00:00,-1.5984430521306214
2011-07-21 20:00:00,-1.484648546327143
2011-07-22 20:00:00,-2.572312590559203
2011-07-25 20:00:00,-2.7174266484103486
2011-07-26 20:00:00,-2.7277307242512476
2011-07-27 20:00:00,-2.559561998080082
2011-07-28 20:00:00,-2.6370477917951196
2011-07-29 20:00:00,-2.5681073257644833
2011-08-01 20:00:00,-2.811172902520427
2011-08-02 20:00:00,-2.2782959680439063
2011-08-03 20:00:00,-2.069267838688276
2011-08-04 20:00:00,-0.34378055251989836
2011-08-05 20:00:00,-0.24024424070468187
2011-08-08 20:00:00,1.9566967652225589
2011-08-09 20:00:00,2.1995561330527877
2011-08-10 20:00:00,1.6900812923114816
2011-08-11 20:00:00,1.7824598996524554
2011-08-12 20:00:00,1.7559211697253068
2011-08-15 20:00:00,1.802046424140636
2011-08-16 20:00:00,1.8287175450645845
2011-08-17 20:00:00,1.8234446747200308
2011-08-18 20:00:00,1.8047025188194592
2011-08-19 20:00:00,1.6812245362407519
2011-08-22 20:00:00,1.2558287993656467
2011-08-23 20:00:00,1.1150730880276103
2011-08-24 20:00:00,1.1162453178369853
2011-08-25 20:00:00,1.0435017366772024
2011-08-26 20:00:00,1.0213417070669992
2011-08-29 20:00:00,0.8899939073830627
2011-08-30 20:00:00,0.8940954710533642
2011-08-31 20:00:00,1.093363189446235
2011-09-01 20:00:00,0.996512169414081
2011-09-02 20:00:00,1.4275679586745935
2011-09-06 20:00:00,1.4278589947057267
2011-09-07 20:00:00,1.3760468457625472
2011-09-08 20:00:00,1.3218893099285354
2011-09-09 20:00:00,1.3589016624606298
2011-09-12 20:00:00,1.3412711852390038
2011-09-13 20:00:00,1.4739143076082033
2011-09-14 20:00:00,1.5729882506988213
2011-09-15 20:00:00,1.4812810484411327
2011-09-16 20:00:00,1.5835707794005651
2011-09-19 20:00:00,1.5793734243996678
2011-09-20 20:00:00,1.0924162498621888
2011-09-21 20:00:00,1.188120453338139
2011-09-22 20:00:00,0.6579676527707984
2011-09-23 20:00:00,0.4666415621271382
2011-09-26 20:00:00,0.9113410881754798
2011-09-27 20:00:00,0.891864268691924
2011-09-28 20:00:00,0.9460260554292295
2011-09-29 20:00:00,0.716394575463774
2011-09-30 20:00:00,0.34619205132320285
2011-10-03 20:00:00,0.6503900543207652
2011-10-04 20:00:00,1.2426598178213009
2011-10-05 20:00:00,1.6116331409974791
2011-10-06 20:00:00,1.6235695520778994
2011-10-07 20:00:00,1.666464003845527
2011-10-10 20:00:00,1.6480849994829927
2011-10-11 20:00:00,1.5875552123372698
2011-10-12 20:00:00,1.848231225471296
2011-10-13 20:00:00,1.7900973211574194
2011-10-14 20:00:00,1.7011357980643356
2011-10-17 20:00:00,1.4969146631050148
2011-10-18 20:00:00,1.8007821020351753
2011-10-19 20:00:00,1.7448436913793204
2011-10-20 20:00:00,1.7115529328744075
2011-10-21 20:00:00,1.6055734758769509
2011-10-24 20:00:00,1.3284669140820882
2011-10-25 20:00:00,1.2301087958477976
2011-10-26 20:00:00,0.9597562775990504
2011-10-27 20:00:00,0.8724990400570523
2011-10-28 20:00:00,0.8217843323559647
2011-10-31 20:00:00,0.5389836044025371
2011-11-01 20:00:00,0.44422908976110864
2011-11-02 20:00:00,0.27333134586979896
2011-11-03 20:00:00,0.5128032336973484
2011-11-04 20:00:00,0.319424429339437
2011-11-07 21:00:00,0.2876017953537136
2011-11-08 21:00:00,0.08547907437031523
2011-11-09 21:00:00,0.2512130760779065
2011-11-10 21:00:00,0.5871826678140645
2011-11-11 21:00:00,0.6150815162858245
2011-11-14 21:00:00,0.5912320827490036
2011-11-15 21:00:00,0.5486986177728996
2011-11-16 21:00:00,0.49965466610055265
2011-11-17 21:00:00,0.48419207961257205
2011-11-18 21:00:00,0.5419179574799373
2011-11-21 21:00:00,0.39566354800556064
2011-11-22 21:00:00,0.4582178018514124
2011-11-23 21:00:00,0.4027984996276163
2011-11-25 21:00:00,0.49779283033290594
2011-11-28 21:00:00,0.19334322332494971
2011-11-29 21:00:00,0.3088076029089147
2011-11-30 21:00:00,0.8053136109956041
2011-12-01 21:00:00,0.8363980755181721
2011-12-02 21:00:00,0.7596526344978555
2011-12-05 21:00:00,0.8577140632812059
2011-12-06 21:00:00,1.231254388373912
2011-12-07 21:00:00,1.1496591195104964
2011-12-08 21:00:00,1.0416647826840837
2011-12-09 21:00:00,0.7233419889499959
2011-12-12 21:00:00,0.6130600890810249
2011-12-13 21:00:00,0.7624523459051138
2011-12-14 21:00:00,0.569756088083892
2011-12-15 21:00:00,0.5846687616821569
2011-12-16 21:00:00,0.6168238807745785
2011-12-19 21:00:00,0.6233225767775477
2011-12-20 21:00:00,0.5721540727356768
2011-12-21 21:00:00,0.6459262026018512
2011-12-22 21:00:00,0.44131265504710754
2011-12-23 21:00:00,0.42182803807881913
2011-12-27 21:00:00,0.6300475104796484
2011-12-28 21:00:00,0.5980791984747474
2011-12-29 21:00:00,0.577468196982173
2011-12-30 21:00:00,0.770042977308252
2012-01-03 21:00:00,0.9578707164638925
2012-01-04 21:00:00,0.6966747074725308
2012-01-05 21:00:00,0.9262344652857447
2012-01-06 21:00:00,0.9753313520741005
2012-01-09 21:00:00,1.0140851510411557
2012-01-10 21:00:00,1.050920325150821
2012-01-11 21:00:00,1.3977664584971488
2012-01-12 21:00:00,1.3374160182030752
2012-01-13 21:00:00,-0.8460215407900759
2012-01-17 21:00:00,-0.8500586685616127
2012-01-18 21:00:00,-1.1233808929165865
2012-01-19 21:00:00,-1.117691240192849
2012-01-20 21:00:00,-0.9432532748101561
2012-01-23 21:00:00,-0.8173305523322182
2012-01-24 21:00:00,-0.7554686995616148
2012-01-25 21:00:00,-0.8626722811921911
2012-01-26 21:00:00,-0.8416829213993253
2012-01-27 21:00:00,-1.0821221625031683
2012-01-30 21:00:00,-0.6732936208160499
2012-01-31 21:00:00,-0.6670857886408922
2012-02-01 21:00:00,-0.5698705389786388
2012-02-02 21:00:00,-0.23259537137862488
2012-02-03 21:00:00,0.08876019954672013
2012-02-06 21:00:00,0.24246933992333644
2012-02-07 21:00:00,0.4242032419515127
2012-02-08 21:00:00,0.5454645091912286
2012-02-09 21:00:00,0.48408991557563674
2012-02-10 21:00:00,0.6238172733339529
2012-02-13 21:00:00,0.5202623062244484
2012-02-14 21:00:00,0.46120720749784
2012-02-15 21:00:00,-0.3677728940192082
2012-02-16 21:00:00,-0.1338315670008867
2012-02-17 21:00:00,-0.04101433936117829
2012-02-21 21:00:00,0.09788138669840286
2012-02-22 21:00:00,0.10785110419986509
2012-02-23 21:00:00,-0.3077709375752225
2012-02-24 21:00:00,-0.24193627760716271
2012-02-27 21:00:00,-0.09112013637297155
2012-02-28 21:00:00,-0.008102117141250679
2012-02-29 21:00:00,0.06335636400605765
2012-03-01 21:00:00,-0.10013170789004323
2012-03-02 21:00:00,0.052452131440331715
2012-03-05 21:00:00,-0.03876691914203715
2012-03-06 21:00:00,0.557951378208532
2012-03-07 21:00:00,0.679116223130049
2012-03-08 21:00:00,1.0866168631910316
2012-03-09 21:00:00,1.0794406592526302
2012-03-12 20:00:00,1.4092544832018947
2012-03-13 20:00:00,2.42043046258933
2012-03-14 20:00:00,2.200936857011804
2012-03-15 20:00:00,2.1579495593589524
2012-03-16 20:00:00,2.1057278333378027
2012-03-19 20:00:00,1.8406730785052492
2012-03-20 20:00:00,1.676189331297121
2012-03-21 20:00:00,1.6032909563452524
2012-03-22 20:00:00,1.3579415624205309
2012-03-23 20:00:00,1.4253199966069334
2012-03-26 20:00:00,1.3943706909030258
2012-03-27 20:00:00,1.4966660036251833
2012-03-28 20:00:00,0.9257213419551624
2012-03-29 20:00:00,0.955955137115019
2012-03-30 20:00:00,1.0486186172784993
2012-04-02 20:00:00,1.0661544576364104
2012-04-03 20:00:00,0.9624908812927513
2012-04-04 20:00:00,0.9017164332784293
2012-04-05 20:00:00,0.8312899013371055
2012-04-09 20:00:00,0.7197928795638365
2012-04-10 20:00:00,0.7258832228762626
2012-04-11 20:00:00,0.695863857976768
2012-04-12 20:00:00,0.99173050156996
2012-04-13 20:00:00,1.3556625288123558
2012-04-16 20:00:00,1.1280342262144782
2012-04-17 20:00:00,1.1928742707820432
2012-04-18 20:00:00,1.0046061263746875
2012-04-19 20:00:00,0.9560881627187688
2012-04-20 20:00:00,0.8512991377619834
2012-04-23 20:00:00,0.98848282712375
2012-04-24 20:00:00,1.0126312240246695
2012-04-25 20:00:00,-1.493282662240058
2012-04-26 20:00:00,-1.0463779497144654
2012-04-27 20:00:00,-0.7889831549578287
2012-04-30 20:00:00,-0.8377365670717812
2012-05-01 20:00:00,-0.8128331137403257
2012-05-02 20:00:00,-0.86465729432946
2012-05-03 20:00:00,-0.760596848440105
2012-05-04 20:00:00,-0.631458110349397
2012-05-07 20:00:00,-0.7039723312851686
2012-05-08 20:00:00,-0.5729883424858513
2012-05-09 20:00:00,-0.6176419412798829
2012-05-10 20:00:00,-0.14871942630151935
2012-05-11 20:00:00,-0.8059807936943324
2012-05-14 20:00:00,-0.9819846984408352
2012-05-15 20:00:00,-0.9445677158057397
2012-05-16 20:00:00,-0.9592654319809004
2012-05-17 20:00:00,-1.1831108458910715
2012-05-18 20:00:00,-1.2286895616163938
2012-05-21 20:00:00,-1.37813693520573
2012-05-22 20:00:00,-1.608114376845085
2012-05-23 20:00:00,-1.5181020015754212
2012-05-24 20:00:00,-2.6158775173750834
2012-05-25 20:00:00,-2.209872796603682
2012-05-29 20:00:00,-2.0538371750335873
2012-05-30 20:00:00,-1.9919433005205223
2012-05-31 20:00:00,-1.9313944423507892
2012-06-01 20:00:00,-1.489915053588141
2012-06-04 20:00:00,-0.8022374497421143
2012-06-05 20:00:00,-1.1142464320148173
2012-06-06 20:00:00,-0.7404760332395797
2012-06-07 20:00:00,0.12737717074624907
2012-06-08 20:00:00,-0.013697039426447339
2012-06-11 20:00:00,-0.09241931978769366
2012-06-12 20:00:00,-0.053420275624090255
2012-06-13 20:00:00,-0.10465861499881912
2012-06-14 20:00:00,-0.06269182428061339
2012-06-15 20:00:00,-0.09668968676726956
2012-06-18 20:00:00,-0.1969860217221395
2012-06-19 20:00:00,-0.2172431483537996
2012-06-20 20:00:00,-0.7563667169098537
2012-06-21 20:00:00,-0.7983702265764749
2012-06-22 20:00:00,-0.609025705160713
2012-06-25 20:00:00,0.4118850710589674
2012-06-26 20:00:00,0.7338201749240915
2012-06-27 20:00:00,0.21758629054593054
2012-06-28 20:00:00,0.36158673863383173
2012-06-29 20:00:00,1.1076556871688936
2012-07-02 20:00:00,0.9745153058518988
2012-07-03 20:00:00,1.2887531856080132
2012-07-05 20:00:00,1.121672530260997
2012-07-06 20:00:00,0.8692609439897755
2012-07-09 20:00:00,0.8285710825234309
2012-07-10 20:00:00,0.17060520979494997
2012-07-11 20:00:00,0.27006421803528374
2012-07-12 20:00:00,0.4637008652576848
2012-07-13 20:00:00,0.6671138402142625
2012-07-16 20:00:00,0.5786120524788121
2012-07-17 20:00:00,0.13369589948037097
2012-07-18 20:00:00,0.10306952814302003
2012-07-19 20:00:00,-0.44791169875200826
2012-07-20 20:00:00,-0.3235977762057206
2012-07-23 20:00:00,-0.2990514076468828
2012-07-24 20:00:00,-0.8308875815851426
2012-07-25 20:00:00,-0.9977458367950948
2012-07-26 20:00:00,-1.4667397885279456
2012-07-27 20:00:00,-0.7627812487414163
2012-07-30 20:00:00,-0.5767772114547988
2012-07-31 20:00:00,-0.528338538347539
2012-08-01 20:00:00,-0.633230065325633
2012-08-02 20:00:00,-0.37286179772236094
2012-08-03 20:00:00,-0.5643768070869306
2012-08-06 20:00:00,-0.6554126044662124
2012-08-07 20:00:00,-0.854659530466332
2012-08-08 20:00:00,-0.9575912151502988
2012-08-09 20:00:00,-0.4887571503608993
2012-08-10 20:00:00,-0.494280518267171
2012-08-13 20:00:00,-0.48307373506870455
2012-08-14 20:00:00,-0.02643366128367473
2012-08-15 20:00:00,0.08474081189780604
2012-08-16 20:00:00,0.20949784740104083
2012-08-17 20:00:00,0.3368066425975126
2012-08-20 20:00:00,0.17813243855589375
2012-08-21 20:00:00,1.0614682637466368
2012-08-22 20:00:00,0.9481522544377095
2012-08-23 20:00:00,1.0091168728420963
2012-08-24 20:00:00,0.12633295156296
2012-08-27 20:00:00,0.15400162673264434
2012-08-28 20:00:00,0.11015901778529824
2012-08-29 20:00:00,0.2177759032961979
2012-08-30 20:00:00,0.4747071612766833
2012-08-31 20:00:00,0.7622595172373061
2012-09-04 20:00:00,0.689062164491086
2012-09-05 20:00:00,0.07992184713206081
2012-09-06 20:00:00,0.5133716187827563
2012-09-07 20:00:00,0.4785343110711696
2012-09-10 20:00:00,-0.31396188760985677
2012-09-11 20:00:00,-0.42144601287034156
2012-09-12 20:00:00,-0.26790843448904467
2012-09-13 20:00:00,-0.06625163220747976
2012-09-14 20:00:00,-0.12322782921397529
2012-09-17 20:00:00,-0.011056316576288158
2012-09-18 20:00:00,-0.1360900875657921
2012-09-19 20:00:00,-0.11197706918729732
2012-09-20 20:00:00,-0.16636400414935051
2012-09-21 20:00:00,-0.2550623255955188
2012-09-24 20:00:00,-0.20822512438407553
2012-09-25 20:00:00,1.1133070247532275
2012-09-26 20:00:00,1.0636412333609344
2012-09-27 20:00:00,0.6608779498719076
2012-09-28 20:00:00,0.53687949393349
2012-10-01 20:00:00,0.5162500085431165
2012-10-02 20:00:00,0.7550677616050532
2012-10-03 20:00:00,0.7883087723198138
2012-10-04 20:00:00,0.9163855757795666
2012-10-05 20:00:00,0.8817121873931074
2012-10-08 20:00:00,0.9721397222948643
2012-10-09 20:00:00,1.048087374342261
2012-10-10 20:00:00,0.8890786927922218
2012-10-11 20:00:00,0.8341494631980727
2012-10-12 20:00:00,0.8152907078800395
2012-10-15 20:00:00,-0.15415872911788708
2012-10-16 20:00:00,0.12434795746750467
2012-10-17 20:00:00,0.5500619974098087
2012-10-18 20:00:00,0.2445467483699146
2012-10-19 20:00:00,0.0376295387620984
2012-10-22 20:00:00,0.032413365390172116
2012-10-23 20:00:00,-0.04230432059060283
2012-10-24 20:00:00,-0.07837551693974827
2012-10-25 20:00:00,-0.19692106650212254
2012-10-26 20:00:00,-0.2329931956553704
2012-10-31 20:00:00,-0.43738598385198446
2012-11-01 20:00:00,0.06440631572823446
2012-11-02 20:00:00,-0.002940845741762079
2012-11-05 21:00:00,-0.059354907168624044
2012-11-06 21:00:00,-0.04352565797483655
2012-11-07 21:00:00,0.8223588563460519
2012-11-08 21:00:00,0.4331904254228345
2012-11-09 21:00:00,0.3471052202708327
2012-11-12 21:00:00,0.4837982085841606
2012-11-13 21:00:00,0.2817107655616493
2012-11-14 21:00:00,0.45338190072783485
2012-11-15 21:00:00,0.3935908179775717
2012-11-16 21:00:00,0.3327946362853702
2012-11-19 21:00:00,0.2957072726354458
2012-11-20 21:00:00,0.4452140676469119
2012-11-21 21:00:00,0.49526785636816584
2012-11-23 21:00:00,0.4271818919216679
2012-11-26 21:00:00,0.6590783219966679
2012-11-27 21:00:00,0.5656950864448252
2012-11-28 21:00:00,0.6771423622662879
2012-11-29 21:00:00,1.4234018974128275
2012-11-30 21:00:00,1.3927344265288515
2012-12-03 21:00:00,1.319435471410922
2012-12-04 21:00:00,1.1673104011629611
2012-12-05 21:00:00,1.236499103760353
2012-12-06 21:00:00,1.2687345151179275
2012-12-07 21:00:00,1.2407180628793533
2012-12-10 21:00:00,1.296707570368193
2012-12-11 21:00:00,1.28550202545259
2012-12-12 21:00:00,1.2993595415414705
2012-12-13 21:00:00,1.6439338906484724
2012-12-14 21:00:00,1.6219274957391403
2012-12-17 21:00:00,1.2122063949999073
2012-12-18 21:00:00,1.0705878032531204
2012-12-19 21:00:00,1.0813920847438308
2012-12-20 21:00:00,-1.094248089082863
2012-12-21 21:00:00,-1.354039936907739
2012-12-24 21:00:00,-1.3063150167337096
2012-12-26 21:00:00,-1.1723466576777388
2012-12-27 21:00:00,-0.7841486418923744
2012-12-28 21:00:00,-1.6755649245230801
2012-12-31 21:00:00,-0.8391161378354093
2013-01-02 21:00:00,0.33792080717225254
2013-01-03 21:00:00,0.12964356648288178
2013-01-04 21:00:00,-0.1471175086558506
2013-01-07 21:00:00,-0.12706294805736218
2013-01-08 21:00:00,-0.1265506879720952
2013-01-09 21:00:00,-0.18392036205504478
2013-01-10 21:00:00,-0.06009033207868507
2013-01-11 21:00:00,-0.07657048087267522
2013-01-14 21:00:00,-0.06724395217475047
2013-01-15 21:00:00,-0.13032769369999717
2013-01-16 21:00:00,-0.8061149578635808
2013-01-17 21:00:00,-0.6618722176272379
2013-01-18 21:00:00,-0.0072375918839106355
2013-01-22 21:00:00,-0.02980575476266876
2013-01-23 21:00:00,0.1796192073402856
2013-01-24 21:00:00,0.1028243493128703
2013-01-25 21:00:00,0.02407495623585498
2013-01-28 21:00:00,-0.3045562877962153
2013-01-29 21:00:00,-0.48801292152005554
2013-01-30 21:00:00,-0.5020540170890216
2013-01-31 21:00:00,-0.0881860491202928
2013-02-01 21:00:00,0.14655303057167862
2013-02-04 21:00:00,0.1730477870914176
2013-02-05 21:00:00,0.09179730455654166
2013-02-06 21:00:00,0.16150886151906624
2013-02-07 21:00:00,0.1862004336415468
2013-02-08 21:00:00,0.09969353396880976
2013-02-11 21:00:00,0.0689790974540081
2013-02-12 21:00:00,0.1492951063476989
2013-02-13 21:00:00,-0.027658254893895364
2013-02-14 21:00:00,-1.1946972273321856
2013-02-15 21:00:00,-0.8890189036971132
2013-02-19 21:00:00,-1.3453358503335833
2013-02-20 21:00:00,-0.7171207055182272
2013-02-21 21:00:00,-0.6875913159122002
2013-02-22 21:00:00,-0.8478044222763067
2013-02-25 21:00:00,0.6279209306239041
2013-02-26 21:00:00,0.6373176348254286
2013-02-27 21:00:00,0.7412467848802045
2013-02-28 21:00:00,0.878247094019041
2013-03-01 21:00:00,1.8314528051495933
2013-03-04 21:00:00,1.5766103372546192
2013-03-05 21:00:00,1.3211337526609586
2013-03-06 21:00:00,1.3483630504811968
2013-03-07 21:00:00,1.3983594614560455
2013-03-08 21:00:00,1.4159308770999277
2013-03-11 20:00:00,1.5479092173434856
2013-03-12 20:00:00,1.9852934180799338
2013-03-13 20:00:00,2.031346829126488
2013-03-14 20:00:00,2.024014982340472
2013-03-15 20:00:00,1.9875064065203896
2013-03-18 20:00:00,1.8812016586620612
2013-03-19 20:00:00,1.8068025416160565
2013-03-20 20:00:00,1.6324947024003311
2013-03-21 20:00:00,1.009733670997842
2013-03-22 20:00:00,1.0737166841848471
2013-03-25 20:00:00,1.1491158754453672
2013-03-26 20:00:00,1.1008742843664188
2013-03-27 20:00:00,0.9848107381225955
2013-03-28 20:00:00,0.9905988273786642
2013-04-01 20:00:00,0.941784278668972
2013-04-02 20:00:00,0.9048400109492137
2013-04-03 20:00:00,1.1901438176565127
2013-04-04 20:00:00,1.0262219316667522
2013-04-05 20:00:00,1.0110435231481307
2013-04-08 20:00:00,1.3862247404600552
2013-04-09 20:00:00,-0.09194579590790516
2013-04-10 20:00:00,-0.4695531592943039
2013-04-11 20:00:00,-1.285893115471375
2013-04-12 20:00:00,-1.1794217792950672
2013-04-15 20:00:00,-0.4784955220571545
2013-04-16 20:00:00,-0.8077974858416803
2013-04-17 20:00:00,-0.9731549191273999
2013-04-18 20:00:00,-0.9809770988569086
2013-04-19 20:00:00,-0.7173359352773071
2013-04-22 20:00:00,-1.0025397337122453
2013-04-23 20:00:00,-0.7710643639414126
2013-04-24 20:00:00,-0.7021888488143893
2013-04-25 20:00:00,-0.79970187073548
2013-04-26 20:00:00,-0.6932842584936663
2013-04-29 20:00:00,-0.6689693103922799
2013-04-30 20:00:00,-0.6586176957350272
2013-05-01 20:00:00,-0.2610784060079668
2013-05-02 20:00:00,0.1570952026531583
2013-05-03 20:00:00,0.6526777047132393
2013-05-06 20:00:00,0.4428062980489768
2013-05-07 20:00:00,0.02489321536486346
2013-05-08 20:00:00,0.17316775377750285
2013-05-09 20:00:00,0.35009415169705727
2013-05-10 20:00:00,0.29177853296497863
2013-05-13 20:00:00,0.38274322774398944
2013-05-14 20:00:00,-0.10865555174913763
2013-05-15 20:00:00,-0.1549483001234484
2013-05-16 20:00:00,-0.23250480401591575
2013-05-17 20:00:00,-0.016913589905288278
2013-05-20 20:00:00,-0.03236017671008152
2013-05-21 20:00:00,-0.05327382866089191
2013-05-22 20:00:00,0.05003638389225485
2013-05-23 20:00:00,0.10717275009863433
2013-05-24 20:00:00,0.018283553750100667
2013-05-28 20:00:00,-0.21170340228485185
2013-05-29 20:00:00,0.07308109754581919
2013-05-30 20:00:00,0.14731108156542091
2013-05-31 20:00:00,0.22872111711519907
2013-06-03 20:00:00,0.1667809280556538
2013-06-04 20:00:00,0.47618441950244045
2013-06-05 20:00:00,0.43915359840975576
2013-06-06 20:00:00,0.22384095727371953
2013-06-07 20:00:00,-0.19116653918823945
2013-06-10 20:00:00,-0.28365243064642837
2013-06-11 20:00:00,-0.4533540465131344
2013-06-12 20:00:00,-0.47184192061583935
2013-06-13 20:00:00,-0.26540500438469455
2013-06-14 20:00:00,-0.17246284577200577
2013-06-17 20:00:00,0.45723262277348825
2013-06-18 20:00:00,0.4682788683710908
2013-06-19 20:00:00,1.1001063768378998
2013-06-20 20:00:00,0.8245471716242564
2013-06-21 20:00:00,0.836594942454643
2013-06-24 20:00:00,0.8958018690510069
2013-06-25 20:00:00,0.9222738438376193
2013-06-26 20:00:00,1.3394760758162845
2013-06-27 20:00:00,1.409159356900797
2013-06-28 20:00:00,1.382968614706655
2013-07-01 20:00:00,1.2613660415421208
2013-07-02 20:00:00,1.2972781943642033
2013-07-03 20:00:00,1.3741291924220043
2013-07-05 20:00:00,1.5149938160623146
2013-07-08 20:00:00,1.3397398650759476
2013-07-09 20:00:00,1.6245155771252973
2013-07-10 20:00:00,1.7295715704541352
2013-07-11 20:00:00,1.7067499343897174
2013-07-12 20:00:00,1.7118378039859101
2013-07-15 20:00:00,1.5366404273950884
2013-07-16 20:00:00,1.1629757039707984
2013-07-17 20:00:00,1.1081448552372257
2013-07-18 20:00:00,0.9554507075473611
2013-07-19 20:00:00,1.3002977309955779
2013-07-22 20:00:00,1.8481554004771317
2013-07-23 20:00:00,1.7834819646034543
2013-07-24 20:00:00,1.475022766067822
2013-07-25 20:00:00,1.2796519678559741
2013-07-26 20:00:00,0.8832796355575916
2013-07-29 20:00:00,0.686385889997026
2013-07-30 20:00:00,0.7078335416071527
2013-07-31 20:00:00,0.668496544567414
2013-08-01 20:00:00,1.1164459288915545
2013-08-02 20:00:00,1.3696626317888456
2013-08-05 20:00:00,1.320348294186032
2013-08-06 20:00:00,1.4146797427297537
2013-08-07 20:00:00,1.393137885790224
2013-08-08 20:00:00,1.276086765251231
2013-08-09 20:00:00,1.2115103610105364
2013-08-12 20:00:00,0.6365180615394227
2013-08-13 20:00:00,0.39493183979754076
2013-08-14 20:00:00,0.287705926268379
2013-08-15 20:00:00,0.010670588407750307
2013-08-16 20:00:00,-0.1672819848513125
2013-08-19 20:00:00,-0.09112230298538213
2013-08-20 20:00:00,-1.208422514848854
2013-08-21 20:00:00,-1.232420571394365
2013-08-22 20:00:00,-1.1196838710740609
2013-08-23 20:00:00,-1.0231688857037038
2013-08-26 20:00:00,-0.5664595863691274
2013-08-27 20:00:00,-0.03300384118104325
2013-08-28 20:00:00,0.041071736093297916
2013-08-29 20:00:00,0.20936940036821666
2013-08-30 20:00:00,0.14145951730149656
2013-09-03 20:00:00,-0.25296702510849406
2013-09-04 20:00:00,-0.3026050398627222
2013-09-05 20:00:00,-0.05598465338588694
2013-09-06 20:00:00,0.3028632056219347
2013-09-09 20:00:00,0.19944628142275977
2013-09-10 20:00:00,0.11953323809774725
2013-09-11 20:00:00,0.12155715606019162
2013-09-12 20:00:00,0.07634962548133276
2013-09-13 20:00:00,-0.3904239707216903
2013-09-16 20:00:00,-0.47496326926168736
2013-09-17 20:00:00,-0.323202947568063
2013-09-18 20:00:00,-0.8720692257619568
2013-09-19 20:00:00,-0.7189907226889078
2013-09-20 20:00:00,-0.5325317835413069
2013-09-23 20:00:00,-0.782788671207309
2013-09-24 20:00:00,-0.20651520492359657
2013-09-25 20:00:00,-0.19563833885723703
2013-09-26 20:00:00,0.04011548400788087
2013-09-27 20:00:00,0.1643001167506298
2013-09-30 20:00:00,0.3024718276872982
2013-10-01 20:00:00,0.29859754984761183
2013-10-02 20:00:00,0.5029073642764166
2013-10-03 20:00:00,0.45437450848864425
2013-10-04 20:00:00,0.3479844122263536
2013-10-07 20:00:00,0.3500017087390631
2013-10-08 20:00:00,0.22722147384691413
2013-10-09 20:00:00,0.12772569442276968
2013-10-10 20:00:00,0.2572628663004488
2013-10-11 20:00:00,0.24219209049526072
2013-10-14 20:00:00,0.21681499260415515
2013-10-15 20:00:00,0.5623803639138815
2013-10-16 20:00:00,0.4336694013200184
2013-10-17 20:00:00,0.4037422040262902
2013-10-18 20:00:00,-0.09919157279201456
2013-10-21 20:00:00,0.04944817281462755
2013-10-22 20:00:00,-0.05957089478832427
2013-10-23 20:00:00,-0.9681913845138823
2013-10-24 20:00:00,-0.976528531119637
2013-10-25 20:00:00,-1.0350533034356293
2013-10-28 20:00:00,-0.974931533094388
2013-10-29 20:00:00,-1.0182596982398637
2013-10-30 20:00:00,-0.982103147056582
2013-10-31 20:00:00,-1.0602629074446952
2013-11-01 20:00:00,-1.1555658682240235
2013-11-04 21:00:00,-0.9262329081066963
2013-11-05 21:00:00,-0.8167200713761734
2013-11-06 21:00:00,-0.7582843531463211
2013-11-07 21:00:00,-0.9017166255103252
2013-11-08 21:00:00,-0.9034903117823511
2013-11-11 21:00:00,-0.8555099932789806
2013-11-12 21:00:00,-0.8726079976485815
2013-11-13 21:00:00,-0.8981941162158829
2013-11-14 21:00:00,-0.8666500117472083
2013-11-15 21:00:00,-0.88209291310779
2013-11-18 21:00:00,-0.7683805556267218
2013-11-19 21:00:00,-0.7359392223352187
2013-11-20 21:00:00,-0.784788911400002
2013-11-21 21:00:00,-0.9307187109847341
2013-11-22 21:00:00,-0.8842637370951777
2013-11-25 21:00:00,-0.8985667725576397
2013-11-26 21:00:00,-0.9856210941552311
2013-11-27 21:00:00,-0.774340422349348
2013-11-29 21:00:00,-0.6065054043864699
2013-12-02 21:00:00,-0.45156023988670796
2013-12-03 21:00:00,-0.473130460343936
2013-12-04 21:00:00,-0.47126340724188054
2013-12-05 21:00:00,-0.7660625916558446
2013-12-06 21:00:00,-0.8546394205162399
2013-12-09 21:00:00,-0.6794384431645237
2013-12-10 21:00:00,-0.7525837759976626
2013-12-11 21:00:00,-0.4688778170673129
2013-12-12 21:00:00,-0.3779335868193729
2013-12-13 21:00:00,-0.32786595494677134
2013-12-16 21:00:00,-0.30717589026745074
2013-12-17 21:00:00,-0.28169831616852065
2013-12-18 21:00:00,0.13349510985491345
2013-12-19 21:00:00,0.11312672169307553
2013-12-20 21:00:00,-0.265670546678936
2013-12-23 21:00:00,-0.5075257442025946
2013-12-24 21:00:00,-0.8625179790459613
2013-12-26 21:00:00,-0.6350135101380304
2013-12-27 21:00:00,-0.6356801319029294
2013-12-30 21:00:00,-0.5208679491333137
2013-12-31 21:00:00,-0.6704760600496352
